A,B,C,lat_deg,lon_deg
-0.9099612708765432,-0.41114548447797095,-0.054128329903304816,-65.50000000000001,-82.5
-0.9025852843498605,-0.42460689608402274,-0.07105482582466353,-64.50000000000001,-80.5
-0.9025852843498605,-0.42330214869749705,-0.07845441595706044,-64.5,-79.49999999999999
-0.9025852843498605,-0.4218684593758581,-0.08583010811435184,-64.50000000000001,-78.49999999999999
-0.8949343616020251,-0.4372402602140894,-0.08895753634117315,-63.50000000000001,-78.49999999999999
-0.8949343616020251,-0.4356211433247525,-0.09657488240951279,-63.50000000000001,-77.49999999999999
-0.8949343616020251,-0.43386933201520206,-0.1041628108331286,-63.50000000000001,-76.49999999999999
-0.8949343616020251,-0.39212627379324533,-0.21290719533402477,-63.50000000000001,-61.499999999999986
-0.8870108331782217,-0.4470408303513615,-0.11561261965392051,-62.50000000000002,-75.49999999999999
-0.8870108331782217,-0.4449550254401288,-0.1233969495573176,-62.50000000000002,-74.49999999999999
-0.8870108331782217,-0.40957602214449584,-0.2132117818244769,-62.50000000000002,-62.5
-0.8870108331782217,-0.40579258305887905,-0.22032739584282215,-62.50000000000002,-61.499999999999986
-0.8788171126619654,-0.4598047124014311,-0.12751513222329208,-61.50000000000001,-74.49999999999999
-0.8788171126619654,-0.45750923600215343,-0.1355204097736291,-61.50000000000001,-73.49999999999999
-0.8788171126619654,-0.45507439785759796,-0.1434844064943333,-61.50000000000001,-72.5
-0.8788171126619654,-0.4232449894961626,-0.22032739584282215,-61.50000000000001,-62.5
-0.8788171126619654,0.4306764753089457,0.20542214123105026,-61.50000000000001,115.5
-0.8788171126619654,0.42702577049574636,0.21290719533402483,-61.50000000000001,116.5
-0.8703556959398997,-0.46963269621846493,-0.14807462033565352,-60.5,-72.50000000000001
-0.8703556959398997,-0.4669769104269695,-0.15624828854440284,-60.500000000000014,-71.5
-0.8703556959398997,-0.4406867643989928,-0.21971831564191346,-60.5,-63.5
-0.8703556959398997,0.476738707780759,0.12329301297520856,-60.5,104.5
-0.8703556959398997,0.4745143383931076,0.13159447254472445,-60.5,105.5
-0.8703556959398997,0.4721454273412581,0.13985584716311897,-60.5,106.5
-0.8703556959398997,0.46963269621846493,0.14807462033565355,-60.5,107.5
-0.8703556959398997,0.4669769104269695,0.1562482885444029,-60.500000000000014,108.5
-0.8703556959398997,0.4641788789448511,0.16437436201085043,-60.5,109.5
-0.8703556959398997,0.4612394540796045,0.17245036545429912,-60.5,110.5
-0.8703556959398997,0.44068676439899274,0.21971831564191352,-60.5,116.5
-0.8703556959398997,0.43678503232396254,0.22737589600203423,-60.5,117.5
-0.8703556959398997,0.43275025129685474,0.23496421546159316,-60.5,118.5
-0.8703556959398997,0.42858365035105617,0.24248096254497284,-60.5,119.5
-0.8616291604415257,-0.4813106355202657,-0.16104428587164915,-59.5,-71.5
-0.8616291604415257,-0.4784267192477615,-0.1694197868805623,-59.5,-70.5
-0.8616291604415257,-0.45421352084477473,-0.22646250762239856,-59.5,-63.5
-0.8616291604415257,0.47539706956195066,0.17774368098118523,-59.5,110.5
-0.8616291604415257,0.4722226093234765,0.18601343263473968,-59.5,111.5
-0.8616291604415257,0.4689043055036792,0.19422652279476102,-59.5,112.5
-0.8616291604415257,0.4654431688900475,0.20238044967442442,-59.5,113.5
-0.8616291604415257,0.46184025377832266,0.21047272950861362,-59.5,114.5
-0.8616291604415257,0.45809665765135005,0.21850089731049924,-59.5,115.5
-0.8616291604415257,0.4417389051108611,0.24992384757819558,-59.5,119.5
-0.8616291604415257,0.4373098535696979,0.25759518987683155,-59.5,120.5
-0.8616291604415257,0.4327475932108218,0.2651880661852502,-59.5,121.5
-0.8526401643540922,-0.47159951560653873,-0.22494143017662319,-58.5,-64.49999999999999
-0.8526401643540922,-0.46760191945204216,-0.23313771692927027,-58.5,-63.5
-0.8526401643540922,0.47159951560653884,0.22494143017662302,-58.5,115.5
-0.8526401643540922,0.4676019194520421,0.23313771692927032,-58.5,116.5
-0.8526401643540922,0.4634618872231189,0.24126298767488494,-58.5,117.5
-0.8526401643540922,0.4591806800136913,0.24931476737728697,-58.5,118.5
-0.8526401643540922,0.45475960192094844,0.2572906033863793,-58.5,119.5
-0.8526401643540922,0.45019999964810525,0.2651880661852503,-58.5,120.5
-0.8526401643540922,0.445503262094184,0.27300475013022657,-58.5,121.5
-0.8526401643540922,0.4406708199309417,0.28073827418365704,-58.5,122.5
-0.8526401643540922,0.43570414516707456,0.28838628263919813,-58.5,123.5
-0.8433914458128857,-0.48495871978078675,-0.23131344370405862,-57.5,-64.49999999999999
-0.8433914458128857,0.45812322636822533,0.2807382741836569,-57.5,121.5
-0.8433914458128857,0.45315389351832497,0.2886908691296504,-57.5,122.5
-0.8433914458128857,0.44804652560265873,0.29655552604029556,-57.5,123.5
-0.8433914458128857,0.4428026783749698,0.3043298492649109,-57.5,124.5
-0.8433914458128857,0.43742394916192184,0.31201147066933094,-57.5,125.5
-0.8433914458128857,0.43191197637653833,0.31959805035726196,-57.5,126.5
-0.8338858220671682,-0.4981702008310888,-0.2376149969157581,-56.5,-64.49999999999999
-0.8338858220671682,0.48957408520352463,-0.2548561375609681,-56.5,62.5
-0.8338858220671682,0.49394737359479307,-0.24627307582066096,-56.5,63.5
-0.8338858220671682,0.44934046489735036,0.3205114387368977,-56.5,125.5
-0.8338858220671682,0.4436783322714823,0.3283046957144525,-56.5,126.5
-0.8338858220671682,0.4378810509275957,0.3359979479013338,-56.5,127.5
-0.8338858220671682,0.43195038677374775,0.34358885185839894,-56.5,128.5
-0.8338858220671682,0.42588814634769095,0.35107509532276837,-56.5,129.5
-0.8338858220671682,0.41969617626658573,0.3584543979121613,-56.5,130.5
-0.8241261886220157,-0.5112299344123347,-0.2438441702975689,-55.50000000000001,-64.49999999999999
-0.8241261886220157,0.5068964040497307,-0.25272922424761657,-55.50000000000001,63.5
-0.8241261886220157,0.5112299344123347,-0.2438441702975689,-55.50000000000001,64.5
-0.8241261886220157,0.5615605530492025,-0.07393084935548688,-55.50000000000001,82.5
-0.8241261886220157,0.562765295888199,-0.06411900631807753,-55.50000000000001,83.5
-0.8241261886220157,0.5637986149664381,-0.054287632010208926,-55.50000000000001,84.5
-0.8241261886220157,0.44936028002610484,0.34480627018981325,-55.50000000000001,127.5
-0.8241261886220157,0.4432741411094552,0.35259617276854366,-55.50000000000001,128.5
-0.8241261886220157,0.43069868151070745,0.3678514251328762,-55.50000000000001,130.5
-0.8241261886220157,0.42421319143542446,0.37531212802082725,-55.50000000000001,131.5
-0.8141155183563192,-0.48975990540486564,-0.31201147066933094,-54.50000000000001,-57.499999999999986
-0.8141155183563192,0.519691028949579,-0.25910838890462345,-54.50000000000001,63.5
-0.8141155183563192,0.5727389639878125,-0.0958436325563097,-54.50000000000001,80.5
-0.8141155183563192,0.574324435099272,-0.08583336192485833,-54.50000000000001,81.5
-0.8141155183563192,0.5757349614241947,-0.0757969456198783,-54.50000000000001,82.5
-0.8141155183563192,0.5769701133025976,-0.06573744083100085,-54.50000000000001,83.5
-0.8141155183563192,0.5780295144952536,-0.05565791178083337,-54.50000000000001,84.5
-0.8141155183563192,0.5789128422982968,-0.04556142879156716,-54.50000000000001,85.5
-0.8141155183563192,0.4544628698476876,0.36149608946878725,-54.50000000000001,128.5
-0.8141155183563192,0.44808467627247145,0.36937250257865184,-54.50000000000001,129.5
-0.8141155183563192,0.4415699917641692,0.37713640124603887,-54.50000000000001,130.5
-0.8141155183563192,0.43492080075879086,0.38478542051220427,-54.50000000000001,131.5
-0.8141155183563192,0.4281391286643291,0.39231723041178135,-54.50000000000001,132.5
-0.8141155183563192,0.4212270412437994,0.39972953668251265,-54.50000000000001,133.5
-0.8038568606172173,0.5323273509276492,-0.26540862663633064,-53.500000000000014,63.5
-0.8038568606172173,0.5412656989785777,-0.2466689902437344,-53.5,65.5
-0.8038568606172173,0.5454882290641518,-0.23718503239261768,-53.5,66.5
-0.8038568606172173,0.584862424204124,-0.10839784311833425,-53.5,79.5
-0.8038568606172173,0.586665150039099,-0.09817407686468527,-53.5,80.5
-0.8038568606172173,0.5882891719862192,-0.08792040583618968,-53.500000000000014,81.5
-0.8038568606172173,0.5897339953526672,-0.07763995340037241,-53.5,82.5
-0.8038568606172173,0.5909991800312493,-0.06733585108263415,-53.5,83.5
-0.8038568606172173,0.5929891466118562,-0.04666925796682703,-53.5,85.5
-0.8038568606172173,0.5937133223507832,-0.036313062413223025,-53.5,86.5
-0.8038568606172173,0.5942566472602923,-0.025945805549035413,-53.5,87.5
-0.8038568606172173,0.4523067955205551,0.3863064979579796,-53.5,130.5
-0.8038568606172173,0.4454959289930738,0.39414150363699324,-53.5,131.5
-0.8038568606172173,0.43854936009000534,0.40185644999586434,-53.5,132.5
-0.8038568606172173,0.43146920480353046,0.4094489869871958,-53.5,133.5
-0.8038568606172173,0.4242576198175362,0.41691680185066976,-53.500000000000014,134.5
-0.7933533402912352,0.5448015208378559,-0.27162801832929323,-52.50000000000001,63.5
-0.7933533402912352,0.5494591075030636,-0.26207855049712947,-52.50000000000001,64.5
-0.7933533402912352,0.5582708013695318,-0.24274305301482976,-52.50000000000001,66.5
-0.7933533402912352,0.5624222244434797,-0.23296291314453418,-52.50000000000001,67.5
-0.7933533402912352,0.5664023282595558,-0.22311181051413234,-52.50000000000001,68.5
-0.7933533402912352,0.5985676626084705,-0.11093795891475482,-52.50000000000001,79.5
-0.7933533402912352,0.6004126322025307,-0.10047461639821419,-52.50000000000001,80.5
-0.7933533402912352,0.6020747102924942,-0.08998066834019922,-52.50000000000001,81.5
-0.7933533402912352,0.6035533905932737,-0.07945931129894564,-52.50000000000001,82.5
-0.7933533402912352,0.6081820230187928,-0.026553800585006882,-52.50000000000001,87.5
-0.7933533402912352,0.6085528216711553,-0.015935516458988264,-52.50000000000001,88.5
-0.7933533402912352,0.6087382492388533,-0.005312378220285421,-52.50000000000001,89.5
-0.7933533402912352,0.448826005132275,0.4112732602124076,-52.50000000000001,132.5
-0.7933533402912352,0.4415799386637423,0.4190437151640211,-52.50000000000001,133.5
-0.7933533402912352,0.4341993626682114,0.4266865253406283,-52.50000000000001,134.5
-0.7933533402912352,0.4266865253406284,0.43419936266821135,-52.50000000000001,135.5
-0.7933533402912352,0.4190437151640212,0.4415799386637421,-52.50000000000001,136.5
-0.7826081568524139,0.561872550321516,-0.267999458998079,-51.5,64.5
-0.7826081568524139,0.5791985542535877,-0.22815237798151775,-51.5,68.5
-0.7826081568524139,0.5830921475385298,-0.21800922069254966,-51.500000000000014,69.5
-0.7826081568524139,0.5868081253067913,-0.2077996556830559,-51.5,70.5
-0.7826081568524139,0.5903453556355464,-0.19752679288544062,-51.5,71.5
-0.7826081568524139,0.6224909331877478,-0.005432396074875515,-51.5,89.5
-0.7826081568524139,0.6224909331877478,0.005432396074875577,-51.5,90.5
-0.7826081568524139,0.44400884418683423,0.4363262759815629,-51.5,134.5
-0.7826081568524139,0.436326275981563,0.4440088441868342,-51.5,135.5
-0.7826081568524139,0.42851079856583996,0.45155616299695606,-51.5,136.5
-0.7826081568524139,0.42056479260979673,0.4589659334255061,-51.5,137.5
-0.77162458338772,0.5741148413181588,-0.2738387322676486,-50.5,64.5
-0.77162458338772,0.5918183507571716,-0.2331234480244083,-50.5,68.5
-0.77162458338772,0.5957967791207976,-0.2227592877996584,-50.5,69.5
-0.77162458338772,0.5995937220138905,-0.21232727293792708,-50.5,70.5
-0.77162458338772,0.6032080228508632,-0.20183058113199837,-50.5,71.5
-0.77162458338772,0.606638580680668,-0.19127240977588011,-50.500000000000014,72.5
-0.77162458338772,0.6360540003681884,0.005550759168996462,-50.5,90.5
-0.77162458338772,0.6358602521580827,0.016650586691974893,-50.500000000000014,91.5
-0.77162458338772,0.6354728147554533,0.027745342284949237,-50.5,92.5
-0.77162458338772,0.4458331174120461,0.4536830763103075,-50.5,135.5
-0.77162458338772,0.4378473534273383,0.46139483894859834,-50.5,136.5
-0.77162458338772,0.42972821689725427,0.4689660562493132,-50.5,137.5
-0.77162458338772,0.42147818098943235,0.4763944219463184,-50.5,138.5
-0.7604059656000309,0.5861822513725607,-0.2795945916066341,-49.5,64.5
-0.7604059656000309,0.6158869470590121,-0.20607288982836658,-49.5,71.5
-0.7604059656000309,0.6488299176940784,0.028328525993775666,-49.5,92.5
-0.7604059656000309,0.6482366968055229,0.0396478548543208,-49.5,93.5
-0.7489557207890021,0.5709327558358492,-0.3363050945363583,-48.49999999999999,59.5
-0.7489557207890021,0.5767151332085381,-0.3262897231383245,-48.50000000000001,60.5
-0.7489557207890021,0.5980711046347197,-0.28526528372452264,-48.50000000000001,64.5
-0.7489557207890021,0.6029585811826689,-0.2747840564436177,-48.49999999999999,65.5
-0.7489557207890021,0.6319519718889562,-0.1992536913662733,-48.50000000000001,72.5
-0.7489557207890021,0.6613841282561029,0.04045198621008716,-48.50000000000001,93.5
-0.7489557207890021,0.6605774117453497,0.05198856979414773,-48.50000000000001,94.5
-0.7489557207890021,0.6595694769558219,0.06350931715622445,-48.50000000000001,95.5
-0.7372773368101241,0.5500084720694766,-0.39231723041178135,-47.5,54.5
-0.7372773368101241,0.5567715828726504,-0.38265850719885264,-47.5,55.5
-0.7372773368101241,0.5633650956581137,-0.372883222497735,-47.5,56.5
-0.7372773368101241,0.5697870019779994,-0.3629943539548437,-47.5,57.5
-0.7372773368101241,0.5760353456574318,-0.35299491381533243,-47.5,58.5
-0.7372773368101241,0.5821082233903974,-0.34288794800553446,-47.5,59.5
-0.7372773368101241,0.5880037853195093,-0.3326765352051439,-47.5,60.5
-0.7372773368101241,0.5937202355994923,-0.3223637859094199,-47.5,61.5
-0.7372773368101241,0.5992558329442146,-0.3119528414816997,-47.5,62.5
-0.7372773368101241,0.6046088911571005,-0.30144687319650926,-47.5,63.5
-0.7372773368101241,0.644321832762569,-0.20315389351832494,-47.5,72.5
-0.7372773368101241,0.6724799243147213,0.0647524518442173,-47.5,95.5
-0.7372773368101241,0.6712474162576225,0.07647898269222006,-47.5,96.5
-0.7253743710122876,0.5387119057446143,-0.42851079856584007,-46.5,51.5
-0.7253743710122876,0.5461084019313956,-0.4190437151640213,-46.5,52.5
-0.7253743710122876,0.5533385482086778,-0.4094489869871959,-46.5,53.5
-0.7253743710122876,0.5604001422038647,-0.39972953668251276,-46.5,54.5
-0.7253743710122876,0.5991133257813517,-0.3389620107766299,-46.5,60.5
-0.7253743710122876,0.6049377806988372,-0.32845441595706043,-46.5,61.5
-0.7253743710122876,0.6564954269642367,-0.20699221302641496,-46.5,72.5
-0.7132504491541816,0.5485373074544877,-0.4363262759815629,-45.500000000000014,51.5
-0.7132504491541816,0.5560687060733589,-0.4266865253406283,-45.500000000000014,52.5
-0.7009092642998509,0.5658596263006938,-0.4341993626682114,-44.5,52.5
-0.8949343616020251,-0.39212627379324533,-0.21290719533402477,-63.50000000000001,-61.499999999999986
-0.8870108331782217,-0.40957602214449584,-0.2132117818244769,-62.50000000000002,-62.5
-0.8870108331782217,-0.40579258305887905,-0.22032739584282215,-62.50000000000002,-61.499999999999986
-0.8870108331782217,-0.40188553562146145,-0.22737589600203428,-62.50000000000002,-60.5
-0.8788171126619654,-0.4232449894961626,-0.22032739584282215,-61.50000000000001,-62.5
-0.8788171126619654,-0.419335283972712,-0.22768048249248646,-61.50000000000001,-61.499999999999986
-0.8788171126619654,-0.4152978448595712,-0.23496421546159313,-61.50000000000001,-60.5
-0.8703556959398997,-0.4406867643989928,-0.21971831564191346,-60.5,-63.5
-0.8703556959398997,-0.4367850323239625,-0.22737589600203428,-60.5,-62.5
-0.8703556959398997,-0.43275025129685474,-0.23496421546159313,-60.5,-61.499999999999986
-0.8616291604415257,-0.45421352084477473,-0.22646250762239856,-59.5,-63.5
-0.8616291604415257,-0.45019202619968496,-0.23435513526068444,-59.5,-62.5
-0.8616291604415257,0.507055298900459,-0.022138512456751462,-59.5,87.5
-0.8616291604415257,0.5073644422397711,-0.01328580549148491,-59.5,88.5
-0.8616291604415257,0.5075190374550271,-0.00442905154116316,-59.5,89.5
-0.8616291604415257,0.5075190374550271,0.004429051541163211,-59.5,90.5
-0.8616291604415257,0.5073644422397711,0.013285805491484847,-59.5,91.5
-0.8526401643540922,-0.47159951560653873,-0.22494143017662319,-58.5,-64.49999999999999
-0.8526401643540922,-0.46760191945204216,-0.23313771692927027,-58.5,-63.5
-0.8526401643540922,-0.4634618872231188,-0.241262987674885,-58.500000000000014,-62.5
-0.8526401643540922,0.522001261858542,0.022791067292177,-58.5,92.5
-0.8526401643540922,0.5215239995684685,0.03189777428496753,-58.5,93.5
-0.8526401643540922,0.52088787601601,0.04099476490671019,-58.5,94.5
-0.8526401643540922,0.520093084970563,0.050079268125937056,-58.5,95.5
-0.8526401643540922,0.5191398685331788,0.059148516714964,-58.5,96.5
-0.8433914458128857,-0.48495871978078675,-0.23131344370405862,-57.5,-64.49999999999999
-0.8433914458128857,-0.48084788198488293,-0.23974191022910954,-57.5,-63.5
-0.8433914458128857,0.5338457689194575,0.060824042421098054,-57.5,96.5
-0.8433914458128857,0.5327029357136194,0.07013167195883598,-57.5,97.5
-0.8433914458128857,0.5313978360331538,0.07941793870991448,-57.5,98.5
-0.8433914458128857,0.529930867424066,0.08868001398752309,-57.5,99.5
-0.8433914458128857,0.5283024767392054,0.09791507647380851,-57.5,100.5
-0.8338858220671682,-0.4981702008310888,-0.2376149969157581,-56.5,-64.49999999999999
-0.8338858220671682,-0.49394737359479307,-0.24627307582066096,-56.5,-63.5
-0.8338858220671682,0.5426947494741355,0.10058252655689463,-56.5,100.5
-0.8338858220671682,0.5408566873012297,0.11003853669011987,-56.5,101.5
-0.8338858220671682,0.5388538749419757,0.11946102801910218,-56.5,102.5
-0.8338858220671682,0.5366869224724197,0.1288471303617049,-56.5,103.5
-0.8338858220671682,0.5343564899672754,0.13819398462022928,-56.500000000000014,104.5
-0.8241261886220157,-0.5112299344123347,-0.2438441702975689,-55.50000000000001,-64.49999999999999
-0.8241261886220157,0.5483648617742204,0.14181679589770052,-55.50000000000001,104.5
-0.8241261886220157,0.5458062987880673,0.1513654829563887,-55.50000000000001,105.5
-0.8241261886220157,0.5430814779159592,0.16086806262265807,-55.50000000000001,106.5
-0.8241261886220157,0.5401912291647294,0.1703216403186886,-55.50000000000001,107.5
-0.8241261886220157,0.537136432932146,0.17972333639313534,-55.50000000000001,108.5
-0.8141155183563192,-0.5284171995804917,-0.24081359172383204,-54.50000000000001,-65.49999999999999
-0.8141155183563192,-0.524133942403163,-0.2499990663829356,-54.50000000000001,-64.49999999999999
-0.8141155183563192,-0.48975990540486564,-0.31201147066933094,-54.50000000000001,-57.499999999999986
-0.8141155183563192,-0.4842399615998514,-0.3205114387368977,-54.50000000000001,-56.5
-0.8141155183563192,-0.478572513611596,-0.32891377591536125,-54.50000000000001,-55.500000000000014
-0.8141155183563192,0.574324435099272,-0.08583336192485833,-54.50000000000001,81.5
-0.8141155183563192,0.5757349614241947,-0.0757969456198783,-54.50000000000001,82.5
-0.8141155183563192,0.5769701133025976,-0.06573744083100085,-54.50000000000001,83.5
-0.8141155183563192,0.5506943495488421,0.1842597518352812,-54.50000000000001,108.5
-0.8141155183563192,0.5473947000529955,0.19384262979363642,-54.50000000000001,109.5
-0.8141155183563192,0.5439283088287813,0.20336646140916065,-54.50000000000001,110.5
-0.8141155183563192,0.5402962317725459,0.21282834563048464,-54.50000000000001,111.5
-0.8141155183563192,0.5364995752501455,0.22222540027601512,-54.50000000000001,112.5
-0.8038568606172173,-0.5454882290641518,-0.23718503239261768,-53.5,-66.49999999999999
-0.8038568606172173,-0.5412656989785777,-0.2466689902437344,-53.5,-65.5
-0.8038568606172173,0.5828815436090469,-0.11858859033889589,-53.500000000000014,78.5
-0.8038568606172173,0.584862424204124,-0.10839784311833425,-53.5,79.5
-0.8038568606172173,0.586665150039099,-0.09817407686468527,-53.5,80.5
-0.8038568606172173,0.5882891719862192,-0.08792040583618968,-53.500000000000014,81.5
-0.8038568606172173,0.5897339953526672,-0.07763995340037241,-53.5,82.5
-0.8038568606172173,0.5909991800312493,-0.06733585108263415,-53.5,83.5
-0.8038568606172173,0.5495445981508901,0.22762882568297113,-53.500000000000014,112.5
-0.8038568606172173,0.5454882290641518,0.2371850323926176,-53.500000000000014,113.5
-0.8038568606172173,0.5412656989785777,0.24666899024373432,-53.5,114.5
-0.8038568606172173,0.536878294117736,0.2560778103308865,-53.5,115.5
-0.7933533402912352,0.5965403635059248,-0.12136750865432987,-52.50000000000001,78.5
-0.7933533402912352,0.5985676626084705,-0.11093795891475482,-52.50000000000001,79.5
-0.7933533402912352,0.6004126322025307,-0.10047461639821419,-52.50000000000001,80.5
-0.7933533402912352,0.5494591075030637,0.2620785504971293,-52.50000000000001,115.5
-0.7826081568524139,0.6139772228618656,-0.10274455039026875,-51.5,80.5
-0.7826081568524139,0.6156768508095852,-0.09201352186097002,-51.5,81.5
-0.77162458338772,0.6290914501937243,-0.09401834717162699,-50.5,81.5
-0.77162458338772,0.6306364829261877,-0.08302486804696381,-50.5,82.5
-0.7604059656000309,0.6438919302462106,-0.08476998079328299,-49.5,82.5
-0.7604059656000309,0.6452733025449586,-0.07351960624627167,-49.5,83.5
-0.7489557207890021,0.6583606309142201,-0.07501071896506686,-48.50000000000001,83.5
-0.7372773368101241,0.6712474162576225,-0.07647898269222014,-47.5,83.5
-0.7372773368101241,0.6724799243147213,-0.06475245184421737,-47.5,84.5
-0.7372773368101241,0.6735075884724143,-0.05300619677211176,-47.5,85.5
-0.8949343616020251,-0.39212627379324533,-0.21290719533402477,-63.50000000000001,-61.499999999999986
-0.8870108331782217,-0.40957602214449584,-0.2132117818244769,-62.50000000000002,-62.5
-0.8870108331782217,-0.40579258305887905,-0.22032739584282215,-62.50000000000002,-61.499999999999986
-0.8870108331782217,-0.40188553562146145,-0.22737589600203428,-62.50000000000002,-60.5
-0.8870108331782217,-0.397856069956741,-0.23435513526068444,-62.50000000000001,-59.499999999999986
-0.8788171126619654,-0.4232449894961626,-0.22032739584282215,-61.50000000000001,-62.5
-0.8703556959398997,-0.4406867643989928,-0.21971831564191346,-60.5,-63.5
-0.8703556959398997,-0.4367850323239625,-0.22737589600203428,-60.5,-62.5
-0.8616291604415257,-0.45809665765134994,-0.21850089731049943,-59.5,-64.49999999999999
-0.8616291604415257,-0.45421352084477473,-0.22646250762239856,-59.5,-63.5
-0.8526401643540922,-0.47159951560653873,-0.22494143017662319,-58.5,-64.49999999999999
-0.8433914458128857,-0.48495871978078675,-0.23131344370405862,-57.5,-64.49999999999999
-0.8338858220671682,-0.4981702008310888,-0.2376149969157581,-56.5,-64.49999999999999
-0.8241261886220157,-0.5112299344123347,-0.2438441702975689,-55.50000000000001,-64.49999999999999
-0.8141155183563192,-0.5284171995804917,-0.24081359172383204,-54.50000000000001,-65.49999999999999
-0.8141155183563192,-0.524133942403163,-0.2499990663829356,-54.50000000000001,-64.49999999999999
-0.8141155183563192,0.2128283456304846,0.5402962317725459,-54.50000000000001,158.5
-0.8141155183563192,0.2033664614091608,0.5439283088287812,-54.50000000000001,159.5
-0.8038568606172173,-0.5454882290641518,-0.23718503239261768,-53.5,-66.49999999999999
-0.8038568606172173,-0.5412656989785777,-0.2466689902437344,-53.5,-65.5
-0.8038568606172173,0.22762882568297124,0.5495445981508901,-53.5,157.5
-0.8038568606172173,0.21800328102793162,0.5534335706294735,-53.5,158.5
-0.7933533402912352,0.5494591075030637,0.2620785504971293,-52.50000000000001,115.5
-0.7933533402912352,0.5448015208378559,0.2716280183292933,-52.50000000000001,116.5
-0.7933533402912352,0.5399779823517903,0.2810947456357542,-52.50000000000001,117.5
-0.7933533402912352,0.5349899613414159,0.2904758487596688,-52.50000000000001,118.5
-0.7933533402912352,0.529838977206253,0.2997684701261482,-52.50000000000001,119.5
-0.7933533402912352,0.24274305301482968,0.5582708013695318,-52.50000000000001,156.5
-0.7933533402912352,0.2329629131445342,0.5624222244434797,-52.50000000000001,157.5
-0.7826081568524139,0.5418091598035091,0.30654087358961274,-51.500000000000014,119.5
-0.7826081568524139,0.5363767637286335,0.3159500595981351,-51.5,120.5
-0.7826081568524139,0.5307809820955279,0.3252630041578266,-51.5,121.5
-0.7826081568524139,0.525023519433485,0.3344768704555584,-51.5,122.5
-0.7826081568524139,0.5191061295214059,0.34358885185839905,-51.5,123.5
-0.77162458338772,0.5304166096153445,0.3510750953227683,-50.5,123.5
-0.77162458338772,0.5242087193429886,0.36027867113737305,-50.5,124.5
-0.77162458338772,0.5178411500165968,0.36937250257865173,-50.5,125.5
-0.77162458338772,0.5113158412594702,0.378353819577453,-50.5,126.5
-0.7604059656000309,0.5220632692646803,0.38630649795797956,-49.500000000000014,126.5
-0.7604059656000309,0.5152417784883747,0.3953589219684073,-49.5,127.5
-0.8949343616020251,-0.39212627379324533,-0.21290719533402477,-63.50000000000001,-61.499999999999986
-0.8870108331782217,-0.4167675033748968,-0.19878790193352375,-62.50000000000002,-64.49999999999999
-0.8870108331782217,-0.41323470040611543,-0.20603122143195898,-62.50000000000002,-63.5
-0.8870108331782217,-0.40957602214449584,-0.2132117818244769,-62.50000000000002,-62.5
-0.8870108331782217,-0.40579258305887905,-0.22032739584282215,-62.50000000000002,-61.499999999999986
-0.8788171126619654,-0.4306764753089456,-0.2054221412310504,-61.50000000000001,-64.49999999999999
-0.8788171126619654,-0.4270257704957464,-0.21290719533402477,-61.50000000000001,-63.5
-0.8703556959398997,-0.4515819866574731,-0.19635343610811254,-60.5,-66.5
-0.8703556959398997,-0.4480863685613028,-0.20420472289963623,-60.5,-65.5
-0.8703556959398997,-0.4444542590165585,-0.21199380695438913,-60.5,-64.49999999999999
-0.8616291604415257,-0.4722226093234765,-0.18601343263473974,-59.5,-68.5
-0.8616291604415257,-0.4689043055036792,-0.19422652279476108,-59.5,-67.49999999999999
-0.8616291604415257,-0.4654431688900475,-0.20238044967442448,-59.5,-66.5
-0.8616291604415257,-0.45809665765134994,-0.21850089731049943,-59.5,-64.49999999999999
-0.8526401643540922,-0.4894098744916334,-0.18298285406100284,-58.5,-69.5
-0.8526401643540922,-0.4861418438571117,-0.1914963649300799,-58.5,-68.5
-0.8526401643540922,-0.47159951560653873,-0.22494143017662319,-58.5,-64.49999999999999
-0.8433914458128857,-0.48495871978078675,-0.23131344370405862,-57.5,-64.49999999999999
-0.8338858220671682,-0.4981702008310888,-0.2376149969157581,-56.5,-64.49999999999999
-0.8241261886220157,-0.5112299344123347,-0.2438441702975689,-55.50000000000001,-64.49999999999999
-0.8141155183563192,-0.5284171995804917,-0.24081359172383204,-54.50000000000001,-65.49999999999999
-0.8141155183563192,-0.524133942403163,-0.2499990663829356,-54.50000000000001,-64.49999999999999
-0.8038568606172173,-0.5454882290641518,-0.23718503239261768,-53.5,-66.49999999999999
-0.8038568606172173,-0.5412656989785777,-0.2466689902437344,-53.5,-65.5
-0.8241261886220157,0.27891177565133407,0.4929748945234126,-55.50000000000001,150.5
-0.8241261886220157,0.2702656978143634,0.4977674937280106,-55.50000000000001,151.5
-0.8141155183563192,0.29472902750797264,0.5003506001951296,-54.50000000000001,149.5
-0.8141155183563192,0.285951816813787,0.5054181251521518,-54.50000000000001,150.5
-0.8141155183563192,0.27708750242612246,0.5103316948521572,-54.50000000000001,151.5
-0.8038568606172173,0.3107940523379168,0.5071697986572228,-53.5,148.5
-0.8038568606172173,0.3018953834394998,0.512516658360047,-53.5,149.5
-0.8038568606172173,0.29290475428276097,0.5177074005238743,-53.5,150.5
-0.7933533402912352,0.3270872773830384,0.5134241817667833,-52.50000000000001,147.5
-0.7933533402912352,0.31807697291148657,0.5190544448824276,-52.50000000000001,148.5
-0.7933533402912352,0.2997684701261483,0.529838977206253,-52.50000000000001,150.5
-0.7826081568524139,0.3435888518583991,0.5191061295214058,-51.5,146.5
-0.7826081568524139,0.3344768704555583,0.5250235194334851,-51.5,147.5
-0.7826081568524139,0.30654087358961285,0.5418091598035091,-51.5,150.5
-0.77162458338772,0.36027867113737316,0.5242087193429885,-50.5,145.5
-0.8241261886220157,0.21675428285938936,0.5232911293815917,-55.50000000000001,157.5
-0.8241261886220157,0.20758858065724412,0.5269943134494534,-55.50000000000001,158.5
-0.8241261886220157,0.19835964496247524,0.5305369699443298,-55.50000000000001,159.5
-0.8141155183563192,0.2128283456304846,0.5402962317725459,-54.50000000000001,158.5
-0.8141155183563192,0.2033664614091608,0.5439283088287812,-54.50000000000001,159.5
-0.8038568606172173,0.22762882568297124,0.5495445981508901,-53.5,157.5
-0.8038568606172173,0.21800328102793162,0.5534335706294735,-53.5,158.5
-0.8038568606172173,0.20831133046164596,0.5571539618812117,-53.5,159.5
-0.7933533402912352,0.24274305301482968,0.5582708013695318,-52.50000000000001,156.5
-0.7933533402912352,0.2329629131445342,0.5624222244434797,-52.50000000000001,157.5
-0.7933533402912352,0.22311181051413223,0.5664023282595558,-52.50000000000001,158.5
-0.8870108331782217,-0.41323470040611543,-0.20603122143195898,-62.50000000000002,-63.5
-0.8870108331782217,-0.40957602214449584,-0.2132117818244769,-62.50000000000002,-62.5
-0.8870108331782217,-0.40579258305887905,-0.22032739584282215,-62.50000000000002,-61.499999999999986
-0.8870108331782217,-0.40188553562146145,-0.22737589600203428,-62.50000000000002,-60.5
-0.8870108331782217,-0.397856069956741,-0.23435513526068444,-62.50000000000001,-59.499999999999986
-0.8788171126619654,-0.4306764753089456,-0.2054221412310504,-61.50000000000001,-64.49999999999999
-0.8788171126619654,-0.4270257704957464,-0.21290719533402477,-61.50000000000001,-63.5
-0.8703556959398997,-0.4480863685613028,-0.20420472289963623,-60.5,-65.5
-0.8703556959398997,-0.4444542590165585,-0.21199380695438913,-60.5,-64.49999999999999
-0.8616291604415257,-0.4654431688900475,-0.20238044967442448,-59.5,-66.5
-0.8616291604415257,-0.46184025377832266,-0.21047272950861368,-59.5,-65.49999999999999
-0.8526401643540922,-0.4827257297075892,-0.19995154415133234,-58.5,-67.49999999999999
-0.8949343616020251,-0.39212627379324533,-0.21290719533402477,-63.50000000000001,-61.499999999999986
-0.8870108331782217,-0.426600092933318,-0.1767035442026031,-62.50000000000002,-67.49999999999999
-0.8870108331782217,-0.42345121760054805,-0.18412182960499338,-62.50000000000001,-66.5
-0.8870108331782217,-0.41323470040611543,-0.20603122143195898,-62.50000000000002,-63.5
-0.8870108331782217,-0.40957602214449584,-0.2132117818244769,-62.50000000000002,-62.5
-0.8870108331782217,-0.40579258305887905,-0.22032739584282215,-62.50000000000002,-61.499999999999986
-0.8870108331782217,-0.40188553562146145,-0.22737589600203428,-62.50000000000002,-60.5
-0.8870108331782217,-0.397856069956741,-0.23435513526068444,-62.50000000000001,-59.499999999999986
-0.8788171126619654,-0.4439568932620628,-0.17487927097739137,-61.50000000000001,-68.5
-0.8788171126619654,-0.44083721236231216,-0.18260075215921798,-61.50000000000001,-67.49999999999999
-0.8788171126619654,-0.4306764753089456,-0.2054221412310504,-61.50000000000001,-64.49999999999999
-0.8788171126619654,-0.4270257704957464,-0.21290719533402477,-61.50000000000001,-63.5
-0.8788171126619654,-0.4232449894961626,-0.22032739584282215,-61.50000000000001,-62.5
-0.8788171126619654,-0.419335283972712,-0.22768048249248646,-61.50000000000001,-61.499999999999986
-0.8703556959398997,-0.4612394540796044,-0.17245036545429918,-60.5,-69.5
-0.8703556959398997,-0.45815953120851816,-0.18047383884586643,-60.5,-68.49999999999999
-0.8703556959398997,-0.4515819866574731,-0.19635343610811254,-60.5,-66.5
-0.8703556959398997,-0.4480863685613028,-0.20420472289963623,-60.5,-65.5
-0.8703556959398997,-0.4444542590165585,-0.21199380695438913,-60.5,-64.49999999999999
-0.8703556959398997,-0.4406867643989928,-0.21971831564191346,-60.5,-63.5
-0.8616291604415257,-0.4753970695619506,-0.1777436809811853,-59.500000000000014,-69.49999999999999
-0.8616291604415257,-0.4654431688900475,-0.20238044967442448,-59.5,-66.5
-0.8616291604415257,-0.46184025377832266,-0.21047272950861368,-59.5,-65.49999999999999
-0.8616291604415257,-0.45421352084477473,-0.22646250762239856,-59.5,-63.5
-0.8526401643540922,-0.4827257297075892,-0.19995154415133234,-58.5,-67.49999999999999
-0.8526401643540922,-0.47916257262452866,-0.20834581619526216,-58.5,-66.5
-0.8526401643540922,-0.46760191945204216,-0.23313771692927027,-58.5,-63.5
-0.8526401643540922,0.3252630041578267,0.4089116386903805,-58.5,141.5
-0.8433914458128857,0.3489481820094169,0.40856582750148507,-57.5,139.5
-0.8433914458128857,0.34176457863318727,0.41459358644500316,-57.5,140.5
-0.8433914458128857,0.3344768704555584,0.4204950561658317,-57.5,141.5
-0.8338858220671682,0.3657245118195247,0.41337636266450145,-56.5,138.5
-0.8338858220671682,0.3584543979121615,0.4196961762665857,-56.5,139.5
-0.8241261886220157,-0.004942764133024965,0.5663846699108964,-55.50000000000001,-179.5
-0.8241261886220157,-0.5232911293815917,0.21675428285938925,-55.50000000000001,-112.49999999999999
-0.8241261886220157,-0.5269943134494534,0.20758858065724414,-55.50000000000001,-111.49999999999999
-0.8241261886220157,-0.5305369699443298,0.1983596449624751,-55.50000000000001,-110.49999999999999
-0.8241261886220157,-0.5339180197387341,0.18907028699829762,-55.50000000000001,-109.5
-0.8241261886220157,-0.537136432932146,0.17972333639313534,-55.50000000000001,-108.50000000000001
-0.8241261886220157,-0.5401912291647294,0.1703216403186886,-55.50000000000001,-107.5
-0.8241261886220157,-0.5430814779159592,0.16086806262265807,-55.50000000000001,-106.49999999999999
-0.8241261886220157,0.4108565678467875,0.3898883248886891,-55.50000000000001,133.5
-0.8241261886220157,0.4039895028903668,0.3969993788178316,-55.50000000000001,134.5
-0.8241261886220157,0.3969993788178317,0.4039895028903667,-55.50000000000001,135.5
-0.8241261886220157,0.38988832488868913,0.41085656784678737,-55.50000000000001,136.5
-0.8241261886220157,0.3826585071988527,0.41759848191258486,-55.50000000000001,137.5
-0.8241261886220157,0.3753121280208271,0.4242131914354245,-55.50000000000001,138.5
-0.8241261886220157,0.36785142513287633,0.4306986815107074,-55.50000000000001,139.5
-0.8241261886220157,0.25272922424761673,0.5068964040497306,-55.50000000000001,153.5
-0.8241261886220157,0.24384417029756883,0.5112299344123348,-55.50000000000001,154.5
-0.8241261886220157,0.23488483905107702,0.5154077391845212,-55.50000000000001,155.5
-0.8241261886220157,0.22585395960722945,0.5194285457664853,-55.50000000000001,156.5
-0.8241261886220157,0.13222491006917184,0.5507563875113473,-55.50000000000001,166.5
-0.8241261886220157,0.12259274725214436,0.5529801475175412,-55.50000000000001,167.5
-0.8241261886220157,0.11292324149672156,0.5550354644139625,-55.50000000000001,168.5
-0.8241261886220157,0.10321933822802684,0.5569217121311738,-55.50000000000001,169.5
-0.8241261886220157,0.09348399334899941,0.5586383160998484,-55.50000000000001,170.5
-0.8241261886220157,0.08372017233999837,0.560184753425788,-55.50000000000001,171.5
-0.8241261886220157,0.0739308493554868,0.5615605530492025,-55.50000000000001,172.5
-0.8241261886220157,0.06411900631807757,0.562765295888199,-55.50000000000001,173.5
-0.8241261886220157,0.054287632010208836,0.5637986149664382,-55.50000000000001,174.5
-0.8241261886220157,0.04443972116373395,0.5646601955249188,-55.50000000000001,175.5
-0.8241261886220157,0.0345782735476951,0.5653497751178562,-55.50000000000001,176.5
-0.8241261886220157,0.024706293054566602,0.5658671436926266,-55.50000000000001,177.5
-0.8241261886220157,0.014826786785238456,0.56621214365375,-55.50000000000001,178.5
-0.8241261886220157,0.004942764133024965,0.5663846699108964,-55.50000000000001,179.5
-0.8141155183563192,-0.005067524957022197,0.5806808443217596,-54.50000000000001,-179.5
-0.8141155183563192,-0.01520103125387458,0.5805039633113975,-54.50000000000001,-178.49999999999997
-0.8141155183563192,-0.025329907169351077,0.5801502551703427,-54.50000000000001,-177.5
-0.8141155183563192,-0.03545106734972747,0.5796198276415212,-54.50000000000001,-176.5
-0.8141155183563192,-0.0455614287915672,0.5789128422982968,-54.50000000000001,-175.5
-0.8141155183563192,-0.05565791178083328,0.5780295144952536,-54.50000000000001,-174.5
-0.8141155183563192,-0.2222254002760152,0.5364995752501455,-54.50000000000001,-157.5
-0.8141155183563192,-0.23155476291187568,0.5325394957599359,-54.50000000000001,-156.5
-0.8141155183563192,-0.24081359172383207,0.5284171995804917,-54.50000000000001,-155.5
-0.8141155183563192,-0.24999906638293548,0.5241339424031631,-54.50000000000001,-154.5
-0.8141155183563192,-0.2591083889046236,0.5196910289495789,-54.50000000000001,-153.5
-0.8141155183563192,-0.26813878450101175,0.5150898125742167,-54.50000000000001,-152.5
-0.8141155183563192,-0.27708750242612246,0.5103316948521572,-54.50000000000001,-151.5
-0.8141155183563192,-0.285951816813787,0.5054181251521518,-54.50000000000001,-150.5
-0.8141155183563192,-0.29472902750797264,0.5003506001951296,-54.50000000000001,-149.5
-0.8141155183563192,-0.3034164608852753,0.4951306635982828,-54.50000000000001,-148.5
-0.8141155183563192,-0.3120114706693309,0.48975990540486564,-54.50000000000001,-147.5
-0.8141155183563192,-0.5241339424031631,0.2499990663829354,-54.50000000000001,-115.49999999999999
-0.8141155183563192,-0.5284171995804917,0.24081359172383196,-54.50000000000001,-114.5
-0.8141155183563192,-0.5325394957599359,0.23155476291187568,-54.50000000000001,-113.49999999999999
-0.8141155183563192,-0.5364995752501455,0.22222540027601512,-54.50000000000001,-112.5
-0.8141155183563192,0.4141866439859886,0.4070200814641037,-54.50000000000001,134.5
-0.8141155183563192,0.40702008146410373,0.41418664398598853,-54.50000000000001,135.5
-0.8141155183563192,0.26813878450101175,0.5150898125742167,-54.50000000000001,152.5
-0.8141155183563192,0.2591083889046236,0.5196910289495789,-54.50000000000001,153.5
-0.8141155183563192,0.23155476291187568,0.5325394957599359,-54.50000000000001,156.5
-0.8141155183563192,0.2222254002760152,0.5364995752501455,-54.50000000000001,157.5
-0.8141155183563192,0.2128283456304846,0.5402962317725459,-54.50000000000001,158.5
-0.8141155183563192,0.2033664614091608,0.5439283088287812,-54.50000000000001,159.5
-0.8141155183563192,0.19384262979363653,0.5473947000529955,-54.50000000000001,160.5
-0.8141155183563192,0.18425975183528118,0.5506943495488421,-54.50000000000001,161.5
-0.8141155183563192,0.17462074657155277,0.5538262522111201,-54.50000000000001,162.5
-0.8141155183563192,0.16492855013682925,0.5567894540319394,-54.50000000000001,163.5
-0.8141155183563192,0.15518611486803555,0.5595830523913198,-54.50000000000001,164.5
-0.8141155183563192,0.14539640840533116,0.5622061963321392,-54.50000000000001,165.5
-0.8141155183563192,0.13556241278814013,0.564658086819342,-54.50000000000001,166.5
-0.8038568606172173,-0.05701123761235899,0.5920843406344564,-53.5,-174.5
-0.8038568606172173,-0.0673358510826342,0.5909991800312493,-53.5,-173.5
-0.8038568606172173,-0.07763995340037233,0.5897339953526672,-53.5,-172.5
-0.8038568606172173,-0.08792040583618985,0.5882891719862192,-53.5,-171.5
-0.8038568606172173,-0.09817407686468531,0.586665150039099,-53.5,-170.5
-0.8038568606172173,-0.14893173175847493,0.5758762774364415,-53.5,-165.5
-0.8038568606172173,-0.15895947558577184,0.5731893515760111,-53.5,-164.5
-0.8038568606172173,-0.16893879881693005,0.5703278266864809,-53.5,-163.5
-0.8038568606172173,-0.178866661653422,0.5672925744160521,-53.5,-162.5
-0.8038568606172173,-0.18874003997205377,0.5640845193319697,-53.5,-161.5
-0.8038568606172173,-0.19855592624614452,0.5607046386388892,-53.5,-160.49999999999997
-0.8038568606172173,-0.20831133046164596,0.5571539618812117,-53.5,-159.5
-0.8038568606172173,-0.21800328102793162,0.5534335706294735,-53.5,-158.5
-0.8038568606172173,-0.22762882568297124,0.5495445981508901,-53.5,-157.5
-0.8038568606172173,-0.319598050357262,0.5016684501206636,-53.5,-147.5
-0.8038568606172173,-0.32830469571445264,0.49601428851442614,-53.5,-146.5
-0.8038568606172173,-0.4589798850165263,0.3783538195774532,-53.5,-129.5
-0.8038568606172173,-0.4655131647932838,0.37028589095828746,-53.5,-128.5
-0.8038568606172173,-0.47190464475051774,0.3621051696696961,-53.5,-127.5
-0.8038568606172173,-0.47815237798151783,0.3538141476386316,-53.5,-126.49999999999999
-0.8038568606172173,-0.48425446136621864,0.34541535039072196,-53.5,-125.5
-0.8038568606172173,-0.49020903615090905,0.3369113362809694,-53.5,-124.49999999999997
-0.8038568606172173,-0.4960142885144262,0.3283046957144526,-53.5,-123.5
-0.8038568606172173,-0.5016684501206635,0.31959805035726213,-53.5,-122.50000000000001
-0.8038568606172173,-0.5071697986572229,0.31079405233791674,-53.5,-121.49999999999999
-0.8038568606172173,-0.5125166583600469,0.3018953834394999,-53.5,-120.50000000000001
-0.8038568606172173,-0.5177074005238743,0.29290475428276086,-53.5,-119.49999999999999
-0.8038568606172173,-0.5227404439983577,0.2838249035004355,-53.5,-118.5
-0.8038568606172173,-0.5276142556696991,0.27465859690303007,-53.5,-117.49999999999997
-0.8038568606172173,-0.5323273509276492,0.2654086266363307,-53.5,-116.5
-0.8038568606172173,-0.536878294117736,0.2560778103308865,-53.5,-115.49999999999999
-0.8038568606172173,-0.5412656989785777,0.24666899024373432,-53.5,-114.49999999999999
-0.8038568606172173,-0.5454882290641518,0.2371850323926176,-53.500000000000014,-113.49999999999999
-0.8038568606172173,0.41691680185066987,0.4242576198175361,-53.5,135.5
-0.8038568606172173,0.40944898698719584,0.43146920480353035,-53.5,136.5
-0.8038568606172173,0.4018564499958644,0.4385493600900053,-53.5,137.5
-0.8038568606172173,0.2746585969030302,0.527614255669699,-53.5,152.5
-0.8038568606172173,0.11858859033889593,0.5828815436090469,-53.500000000000014,168.5
-0.8038568606172173,0.10839784311833442,0.5848624242041239,-53.5,169.5
-0.8038568606172173,0.09817407686468531,0.586665150039099,-53.5,170.5
-0.8038568606172173,0.08792040583618985,0.5882891719862192,-53.5,171.5
-0.7933533402912352,-0.33599794790133386,0.5076375246717211,-52.50000000000001,-146.5
-0.7933533402912352,-0.34480627018981325,0.5016962362690487,-52.50000000000001,-145.5
-0.7933533402912352,-0.448826005132275,0.4112732602124076,-52.50000000000001,-132.5
-0.7933533402912352,-0.4559353548517693,0.4033775274416398,-52.50000000000001,-131.5
-0.7933533402912352,-0.462905822245431,0.3953589219684072,-52.50000000000001,-130.5
-0.7933533402912352,-0.4697352840413671,0.38721988633761545,-52.50000000000001,-129.5
-0.7933533402912352,-0.48296291314453416,0.37059047744873963,-52.50000000000001,-127.5
-0.7933533402912352,0.4112732602124077,0.44882600513227494,-52.50000000000001,137.5
-0.7933533402912352,0.4033775274416397,0.4559353548517694,-52.50000000000001,138.5
-0.7933533402912352,0.30896977911270496,0.5245265989859675,-52.50000000000001,149.5
-0.7933533402912352,0.2997684701261483,0.529838977206253,-52.50000000000001,150.5
-0.7933533402912352,0.2904758487596689,0.5349899613414159,-52.50000000000001,151.5
-0.7933533402912352,0.2810947456357543,0.5399779823517902,-52.50000000000001,152.5
-0.7933533402912352,0.08998066834019938,0.6020747102924942,-52.50000000000001,171.5
-0.7933533402912352,0.07945931129894555,0.6035533905932737,-52.50000000000001,172.5
-0.7826081568524139,-0.42056479260979673,0.4589659334255061,-51.5,-137.5
-0.7826081568524139,-0.42851079856583996,0.45155616299695606,-51.5,-136.5
-0.7826081568524139,-0.436326275981563,0.4440088441868342,-51.5,-135.5
-0.7826081568524139,-0.44400884418683423,0.4363262759815629,-51.5,-134.5
-0.7826081568524139,-0.45155616299695617,0.4285107985658399,-51.5,-133.49999999999997
-0.7826081568524139,-0.45896593342550623,0.4205647926097967,-51.5,-132.5
-0.7826081568524139,0.4124906785438217,0.46623589838463214,-51.5,138.5
-0.7826081568524139,0.4042909158212755,0.47336384337258147,-51.5,139.5
-0.7826081568524139,0.3959680021693159,0.48034759714826114,-51.5,140.5
-0.7826081568524139,0.3875244728280675,0.48718503239261757,-51.5,141.5
-0.7826081568524139,0.3789628997783619,0.4938740663566399,-51.5,142.5
-0.7826081568524139,0.37028589095828746,0.5004126614957846,-51.5,143.5
-0.7826081568524139,0.3614960894687874,0.5067988260906313,-51.5,144.5
-0.7826081568524139,0.35259617276854377,0.5130306148535804,-51.5,145.5
-0.7826081568524139,0.3435888518583991,0.5191061295214058,-51.5,146.5
-0.7826081568524139,0.3344768704555583,0.5250235194334851,-51.5,147.5
-0.7826081568524139,0.32526300415782666,0.5307809820955279,-51.5,148.5
-0.7826081568524139,0.31595005959813494,0.5363767637286336,-51.5,149.5
-0.77162458338772,0.4536830763103076,0.445833117412046,-50.5,134.5
-0.77162458338772,0.4458331174120461,0.4536830763103075,-50.5,135.5
-0.77162458338772,0.4378473534273383,0.46139483894859834,-50.5,136.5
-0.77162458338772,0.42972821689725427,0.4689660562493132,-50.5,137.5
-0.77162458338772,0.42147818098943235,0.4763944219463184,-50.5,138.5
-0.77162458338772,0.41309975874473054,0.48367767328746225,-50.5,139.5
-0.8949343616020251,-0.4231399410733064,-0.14158064377751134,-63.50000000000001,-71.5
-0.8949343616020251,-0.42060457187189926,-0.14894389059116234,-63.50000000000001,-70.5
-0.8949343616020251,-0.39212627379324533,-0.21290719533402477,-63.50000000000001,-61.499999999999986
-0.8870108331782217,-0.4378871326894409,-0.14651498506807017,-62.50000000000002,-71.5
-0.8870108331782217,-0.397856069956741,-0.23435513526068444,-62.50000000000001,-59.499999999999986
-0.8788171126619654,-0.45507439785759796,-0.1434844064943333,-61.50000000000001,-72.5
-0.8788171126619654,-0.4525009396430504,-0.15140469647485474,-61.50000000000001,-71.5
-0.8703556959398997,-0.46963269621846493,-0.14807462033565352,-60.5,-72.50000000000001
-0.8616291604415257,-0.48404793991062967,-0.15261972921318848,-59.5,-72.50000000000001
-0.8526401643540922,0.3252630041578267,0.4089116386903805,-58.5,141.5
-0.8433914458128857,-0.537279149624116,-0.00468876410550095,-57.5,-89.5
-0.8433914458128857,-0.5371154891904005,-0.014064864073535292,-57.5,-88.49999999999999
-0.8433914458128857,-0.5356432929689696,-0.04215604140581708,-57.5,-85.5
-0.8433914458128857,-0.5245634622561082,-0.11629291979968046,-57.5,-77.49999999999999
-0.8433914458128857,-0.5224539773979039,-0.1254301025701598,-57.5,-76.49999999999999
-0.8433914458128857,-0.520185347997059,-0.13452907811632758,-57.5,-75.49999999999999
-0.8433914458128857,-0.5177582651000655,-0.14358707480208868,-57.5,-74.5
-0.8433914458128857,-0.5151734680198856,-0.1526013334739059,-57.5,-73.49999999999999
-0.8433914458128857,0.3344768704555584,0.4204950561658317,-57.5,141.5
-0.8338858220671682,-0.5517478502921255,0.014448025933717015,-56.500000000000014,-91.49999999999999
-0.8338858220671682,-0.551915969242887,0.004816497695191203,-56.5,-90.5
-0.8338858220671682,-0.551915969242887,-0.004816497695191147,-56.5,-89.5
-0.8338858220671682,-0.5517478502921255,-0.014448025933717083,-56.500000000000014,-88.49999999999999
-0.8338858220671682,-0.5514116636012637,-0.024075153163582434,-56.5,-87.49999999999999
-0.8338858220671682,-0.5509075115760241,-0.03369494686857292,-56.5,-86.49999999999999
-0.8338858220671682,-0.5502355477859976,-0.04330447676633695,-56.5,-85.49999999999999
-0.8338858220671682,-0.549395976917864,-0.05290081570097807,-56.500000000000014,-84.49999999999999
-0.8338858220671682,-0.548389054713043,-0.06248104053469497,-56.5,-83.49999999999999
-0.8338858220671682,-0.5472150878897923,-0.07204223303819757,-56.5,-82.49999999999999
-0.8338858220671682,-0.5426947494741355,-0.10058252655689458,-56.5,-79.5
-0.8338858220671682,-0.5408566873012297,-0.11003853669011994,-56.5,-78.49999999999999
-0.8338858220671682,-0.5292080739208573,-0.15675857313824815,-56.5,-73.49999999999999
-0.8338858220671682,-0.526391658636985,-0.16597065244424067,-56.5,-72.5
-0.8338858220671682,-0.5234148993546214,-0.17513217548170498,-56.5,-71.5
-0.8338858220671682,-0.5202787028234803,-0.18424035156197408,-56.5,-70.5
-0.8338858220671682,-0.5169840243594062,-0.19329240624638103,-56.500000000000014,-69.5
-0.8338858220671682,-0.5135318675533755,-0.20228558219137976,-56.500000000000014,-68.5
-0.8338858220671682,-0.5099232839657932,-0.2112171399884586,-56.5,-67.49999999999999
-0.8338858220671682,-0.5061593728061772,-0.2200843589985905,-56.5,-66.5
-0.8338858220671682,0.3435888518583991,0.4319503867737477,-56.5,141.5
-0.8241261886220157,-0.5430814779159592,0.16086806262265807,-55.50000000000001,-106.49999999999999
-0.8241261886220157,-0.5458062987880673,0.1513654829563887,-55.50000000000001,-105.49999999999999
-0.8241261886220157,-0.5483648617742204,0.14181679589770052,-55.50000000000001,-104.49999999999999
-0.8241261886220157,-0.5507563875113473,0.13222491006917172,-55.50000000000001,-103.49999999999999
-0.8241261886220157,-0.5529801475175412,0.1225927472521444,-55.50000000000001,-102.5
-0.8241261886220157,-0.5550354644139625,0.11292324149672146,-55.50000000000001,-101.5
-0.8241261886220157,-0.5569217121311739,0.10321933822802673,-55.50000000000001,-100.5
-0.8241261886220157,-0.5586383160998484,0.09348399334899944,-55.50000000000001,-99.5
-0.8241261886220157,-0.560184753425788,0.08372017233999828,-55.50000000000001,-98.5
-0.8241261886220157,-0.5615605530492025,0.07393084935548681,-55.50000000000001,-97.49999999999999
-0.8241261886220157,-0.562765295888199,0.06411900631807746,-55.50000000000001,-96.49999999999999
-0.8241261886220157,-0.5637986149664382,0.054287632010208864,-55.50000000000001,-95.49999999999999
-0.8241261886220157,-0.5646601955249188,0.04443972116373384,-55.50000000000001,-94.49999999999999
-0.8241261886220157,-0.5653497751178562,0.03457827354769512,-55.50000000000001,-93.49999999999999
-0.8241261886220157,-0.5658671436926266,0.024706293054566498,-55.50000000000001,-92.49999999999999
-0.8241261886220157,-0.56621214365375,0.014826786785238227,-55.50000000000001,-91.49999999999999
-0.8241261886220157,-0.5615605530492025,-0.07393084935548688,-55.50000000000001,-82.49999999999999
-0.8241261886220157,-0.560184753425788,-0.08372017233999822,-55.50000000000001,-81.5
-0.8241261886220157,-0.5586383160998484,-0.09348399334899939,-55.50000000000001,-80.5
-0.8241261886220157,-0.5569217121311739,-0.10321933822802667,-55.50000000000001,-79.5
-0.8241261886220157,-0.5154077391845213,-0.234884839051077,-55.50000000000001,-65.49999999999999
-0.8241261886220157,-0.5112299344123347,-0.2438441702975689,-55.50000000000001,-64.49999999999999
-0.8241261886220157,0.3525961727685438,0.44327414110945507,-55.50000000000001,141.5
-0.8241261886220157,0.34480627018981336,0.4493602800261048,-55.50000000000001,142.5
-0.8141155183563192,-0.524133942403163,-0.2499990663829356,-54.50000000000001,-64.49999999999999
-0.8141155183563192,-0.519691028949579,-0.25910838890462345,-54.50000000000001,-63.5
-0.8141155183563192,-0.5150898125742167,-0.26813878450101175,-54.50000000000001,-62.5
-0.8141155183563192,0.35350956114817966,0.4607026296302672,-54.50000000000001,142.5
-0.8038568606172173,-0.527614255669699,-0.2746585969030301,-53.5,-62.5
-0.8038568606172173,-0.5227404439983577,-0.2838249035004355,-53.5,-61.499999999999986
-0.8038568606172173,-0.5177074005238743,-0.29290475428276097,-53.5,-60.5
-0.8038568606172173,0.3621051696696962,0.4719046447505177,-53.5,142.5
-0.8038568606172173,0.35381414763863167,0.4781523779815178,-53.5,143.5
-0.7933533402912352,-0.529838977206253,-0.29976847012614827,-52.50000000000001,-60.5
-0.7933533402912352,0.362105169669696,0.48935705118780115,-52.50000000000001,143.5
-0.7826081568524139,-0.5191061295214059,-0.34358885185839905,-51.5,-56.5
-0.7826081568524139,-0.5130306148535804,-0.35259617276854377,-51.5,-55.499999999999986
-0.7826081568524139,0.42851079856583996,0.45155616299695606,-51.5,136.5
-0.7826081568524139,0.3614960894687874,0.5067988260906313,-51.5,144.5
-0.77162458338772,-0.5242087193429885,-0.36027867113737316,-50.5,-55.499999999999986
-0.77162458338772,-0.5178411500165968,-0.36937250257865173,-50.5,-54.5
-0.77162458338772,-0.5113158412594702,-0.3783538195774531,-50.5,-53.499999999999986
-0.77162458338772,0.4378473534273383,0.46139483894859834,-50.5,136.5
-0.77162458338772,0.42972821689725427,0.4689660562493132,-50.5,137.5
-0.77162458338772,0.42147818098943235,0.4763944219463184,-50.5,138.5
-0.77162458338772,0.37835381957745307,0.5113158412594702,-50.5,143.5
-0.77162458338772,0.36937250257865184,0.5178411500165967,-50.5,144.5
-0.7604059656000309,-0.5220632692646803,-0.38630649795797967,-49.5,-53.499999999999986
-0.7604059656000309,-0.5152417784883747,-0.3953589219684073,-49.5,-52.499999999999986
-0.7604059656000309,-0.5082633400750824,-0.40429091582127547,-49.5,-51.5
-0.7604059656000309,-0.5011300797247458,-0.4130997587447304,-49.5,-50.5
-0.7372773368101241,0.4112732602124076,-0.5359817478799331,-47.5,37.49999999999997
-0.7372773368101241,0.4205647926097967,-0.5287224071696315,-47.5,38.5
-0.7253743710122876,0.40944898698719584,-0.5533385482086778,-46.5,36.5
-0.7253743710122876,0.4190437151640213,-0.5461084019313956,-46.5,37.49999999999997
-0.7253743710122876,0.42851079856584007,-0.5387119057446143,-46.5,38.5
-0.7132504491541816,0.4169168018506697,-0.5634307207776016,-45.5,36.5
-0.8703556959398997,0.4721454273412581,0.13985584716311897,-60.5,106.5
-0.8703556959398997,0.46963269621846493,0.14807462033565355,-60.5,107.5
-0.8703556959398997,0.4669769104269695,0.1562482885444029,-60.500000000000014,108.5
-0.8703556959398997,0.4641788789448511,0.16437436201085043,-60.5,109.5
-0.8703556959398997,0.4612394540796045,0.17245036545429912,-60.5,110.5
-0.8703556959398997,0.45815953120851816,0.18047383884586637,-60.5,111.5
-0.8616291604415257,0.4689043055036792,0.19422652279476102,-59.5,112.5
-0.8616291604415257,0.4654431688900475,0.20238044967442442,-59.5,113.5
-0.8616291604415257,0.46184025377832266,0.21047272950861362,-59.5,114.5
-0.8616291604415257,0.45809665765135005,0.21850089731049924,-59.5,115.5
-0.8616291604415257,0.4542135208447747,0.2264625076223986,-59.5,116.5
-0.8526401643540922,0.4676019194520421,0.23313771692927032,-58.5,116.5
-0.8526401643540922,0.4634618872231189,0.24126298767488494,-58.5,117.5
-0.8526401643540922,0.4591806800136913,0.24931476737728697,-58.5,118.5
-0.8526401643540922,0.45475960192094844,0.2572906033863793,-58.5,119.5
-0.8526401643540922,0.45019999964810525,0.2651880661852503,-58.5,120.5
-0.8433914458128857,0.46295301044543447,0.27270016363977456,-57.5,120.5
-0.8433914458128857,0.45812322636822533,0.2807382741836569,-57.5,121.5
-0.8433914458128857,0.45315389351832497,0.2886908691296504,-57.5,122.5
-0.8338858220671682,0.5388538749419757,-0.11946102801910224,-56.5,77.5
-0.8338858220671682,0.5408566873012297,-0.11003853669011994,-56.5,78.5
-0.8338858220671682,0.5426947494741355,-0.10058252655689458,-56.5,79.5
-0.8338858220671682,0.46549893203994214,0.2965555260402956,-56.5,122.5
-0.8338858220671682,0.46025242672622013,0.3046344357553631,-56.5,123.5
-0.8338858220671682,0.454865724064752,0.3126205508702395,-56.5,124.5
-0.8241261886220157,0.5483648617742204,-0.1418167958977006,-55.50000000000001,75.5
-0.8241261886220157,0.5507563875113473,-0.1322249100691718,-55.50000000000001,76.5
-0.8241261886220157,0.5529801475175412,-0.12259274725214446,-55.50000000000001,77.5
-0.8241261886220157,0.466790213248601,0.32081602522734975,-55.50000000000001,124.5
-0.8241261886220157,0.46112010717431245,0.32891377591536125,-55.50000000000001,125.5
-0.8241261886220157,0.45530953944840796,0.3369113362809695,-55.50000000000001,126.5
-0.8241261886220157,0.44936028002610484,0.34480627018981325,-55.50000000000001,127.5
-0.8241261886220157,0.4432741411094552,0.35259617276854366,-55.50000000000001,128.5
-0.8141155183563192,0.5567894540319394,-0.16492855013682936,-54.50000000000001,73.5
-0.8141155183563192,0.5595830523913198,-0.15518611486803552,-54.50000000000001,74.5
-0.8141155183563192,0.5622061963321392,-0.14539640840533127,-54.50000000000001,75.5
-0.8141155183563192,0.4544628698476876,0.36149608946878725,-54.50000000000001,128.5
-0.8141155183563192,0.44808467627247145,0.36937250257865184,-54.50000000000001,129.5
-0.8141155183563192,0.4415699917641692,0.37713640124603887,-54.50000000000001,130.5
-0.8038568606172173,0.5672925744160521,-0.17886666165342183,-53.5,72.5
-0.8038568606172173,0.5703278266864809,-0.16893879881693016,-53.5,73.5
-0.8038568606172173,0.5731893515760111,-0.1589594755857718,-53.500000000000014,74.5
-0.8038568606172173,0.4523067955205551,0.3863064979579796,-53.5,130.5
-0.8038568606172173,0.4454959289930738,0.39414150363699324,-53.5,131.5
-0.8038568606172173,0.43854936009000534,0.40185644999586434,-53.5,132.5
-0.8038568606172173,0.43146920480353046,0.4094489869871958,-53.5,133.5
-0.7933533402912352,0.4629058222454309,-0.3953589219684073,-52.50000000000001,49.5
-0.7933533402912352,0.5773028635060992,-0.19316283606428497,-52.50000000000001,71.5
-0.7933533402912352,0.5805860938073303,-0.1830580922174311,-52.50000000000001,72.5
-0.7933533402912352,0.5836924719601239,-0.1728975871023644,-52.50000000000001,73.5
-0.7933533402912352,0.5866210517316024,-0.1626844157073696,-52.50000000000001,74.5
-0.7933533402912352,0.4415799386637423,0.4190437151640211,-52.50000000000001,133.5
-0.7933533402912352,0.4341993626682114,0.4266865253406283,-52.50000000000001,134.5
-0.7826081568524139,0.45896593342550623,-0.4205647926097967,-51.5,47.5
-0.7826081568524139,0.46623589838463203,-0.41249067854382176,-51.5,48.5
-0.7826081568524139,0.47336384337258147,-0.40429091582127547,-51.5,49.5
-0.7826081568524139,0.4803475971482611,-0.39596800216931594,-51.5,50.5
-0.7826081568524139,0.5791985542535877,-0.22815237798151775,-51.5,68.5
-0.7826081568524139,0.5830921475385298,-0.21800922069254966,-51.500000000000014,69.5
-0.7826081568524139,0.5868081253067913,-0.2077996556830559,-51.5,70.5
-0.7826081568524139,0.5903453556355464,-0.19752679288544062,-51.5,71.5
-0.7826081568524139,0.593702761050171,-0.18719376151322742,-51.5,72.5
-0.7826081568524139,0.5968793188524519,-0.17680370910787074,-51.5,73.5
-0.7826081568524139,0.5998740614321105,-0.16635980057998365,-51.5,74.5
-0.7826081568524139,0.44400884418683423,0.4363262759815629,-51.5,134.5
-0.7826081568524139,0.436326275981563,0.4440088441868342,-51.5,135.5
-0.7826081568524139,0.42851079856583996,0.45155616299695606,-51.5,136.5
-0.77162458338772,0.46139483894859834,-0.43784735342733844,-50.5,46.49999999999997
-0.77162458338772,0.46896605624931326,-0.4297282168972542,-50.5,47.5
-0.77162458338772,0.490813591723832,-0.4045955023117276,-50.5,50.5
-0.77162458338772,0.5876596487908319,-0.2434165965885724,-50.5,67.5
-0.77162458338772,0.5918183507571716,-0.2331234480244083,-50.5,68.5
-0.77162458338772,0.6032080228508632,-0.20183058113199837,-50.5,71.5
-0.77162458338772,0.606638580680668,-0.19127240977588011,-50.500000000000014,72.5
-0.7604059656000309,0.45520415375608303,-0.4632191121738101,-49.5,44.5
-0.7604059656000309,0.4632191121738101,-0.45520415375608303,-49.5,45.5
-0.7604059656000309,0.4710929695626648,-0.4470505357434602,-49.5,46.5
-0.7604059656000309,0.5082633400750824,-0.40429091582127547,-49.5,51.5
-0.7604059656000309,0.5909725714268246,-0.26932171709880975,-49.5,65.5
-0.7604059656000309,0.5955828755109519,-0.25896680458697907,-49.5,66.5
-0.7604059656000309,0.6000117592816576,-0.24853300827780345,-49.5,67.5
-0.7604059656000309,0.6158869470590121,-0.20607288982836658,-49.5,71.5
-0.7489557207890021,0.45611754213571876,-0.4806476006946223,-48.50000000000001,43.5
-0.7489557207890021,0.4644365305052243,-0.47261404700844023,-48.50000000000001,44.5
-0.7489557207890021,0.5185718546275759,-0.41249067854382176,-48.50000000000001,51.5
-0.7489557207890021,0.5767151332085381,-0.3262897231383245,-48.50000000000001,60.5
-0.7489557207890021,0.5823218375648868,-0.31617496072978324,-48.49999999999999,61.5
-0.7489557207890021,0.5877511610484347,-0.30596388836534805,-48.50000000000001,62.5
-0.7489557207890021,0.5930014498346541,-0.29565961643657807,-48.50000000000001,63.5
-0.7489557207890021,0.5980711046347197,-0.28526528372452264,-48.50000000000001,64.5
-0.7489557207890021,0.6029585811826689,-0.2747840564436177,-48.49999999999999,65.5
-0.7489557207890021,0.6283782661368562,-0.21025242672622013,-48.50000000000001,71.5
-0.7489557207890021,0.6319519718889562,-0.1992536913662733,-48.50000000000001,72.5
-0.7372773368101241,0.4205647926097967,-0.5287224071696315,-47.5,38.5
-0.7372773368101241,0.4297282168972542,-0.521302012492257,-47.5,39.5
-0.7372773368101241,0.45642212862617093,-0.4980973490458727,-47.5,42.5
-0.7372773368101241,0.46504561070613293,-0.49005582191127034,-47.5,43.5
-0.7372773368101241,0.5287224071696315,-0.4205647926097967,-47.5,51.5
-0.7372773368101241,0.5633650956581137,-0.372883222497735,-47.5,56.5
-0.7372773368101241,0.5697870019779994,-0.3629943539548437,-47.5,57.5
-0.7372773368101241,0.5760353456574318,-0.35299491381533243,-47.5,58.5
-0.7372773368101241,0.5821082233903974,-0.34288794800553446,-47.5,59.5
-0.7372773368101241,0.5880037853195093,-0.3326765352051439,-47.5,60.5
-0.7253743710122876,0.4190437151640213,-0.5461084019313956,-46.5,37.49999999999997
-0.7253743710122876,0.42851079856584007,-0.5387119057446143,-46.5,38.5
-0.7253743710122876,0.43784735342733844,-0.5311513126927238,-46.5,39.5
-0.7253743710122876,0.4470505357434602,-0.5234289258056086,-46.5,40.5
-0.7253743710122876,0.4561175421357188,-0.5155470973971233,-46.5,41.5
-0.7253743710122876,0.465045610706133,-0.5075082283485539,-46.5,42.5
-0.7253743710122876,0.5387119057446143,-0.42851079856584007,-46.5,51.5
-0.7253743710122876,0.5461084019313956,-0.4190437151640213,-46.5,52.5
-0.7253743710122876,0.5533385482086778,-0.4094489869871959,-46.5,53.5
-0.7253743710122876,0.5604001422038647,-0.39972953668251276,-46.5,54.5
-0.7253743710122876,0.5672910328870183,-0.38988832488868924,-46.5,55.5
-0.7253743710122876,0.5740091212260828,-0.3799283493341715,-46.5,56.5
-0.7132504491541816,0.5485373074544877,-0.4363262759815629,-45.500000000000014,51.5
-0.7132504491541816,0.5560687060733589,-0.4266865253406283,-45.500000000000014,52.5
-0.8703556959398997,0.4641788789448511,0.16437436201085043,-60.5,109.5
-0.8703556959398997,0.4612394540796045,0.17245036545429912,-60.5,110.5
-0.8703556959398997,0.45815953120851816,0.18047383884586637,-60.5,111.5
-0.8703556959398997,0.4549400485059347,0.18844233815783185,-60.5,112.5
-0.8703556959398997,0.4515819866574731,0.19635343610811248,-60.5,113.5
-0.8703556959398997,0.4480863685613028,0.20420472289963618,-60.5,114.5
-0.8616291604415257,0.46184025377832266,0.21047272950861362,-59.5,114.5
-0.8616291604415257,0.45809665765135005,0.21850089731049924,-59.5,115.5
-0.8616291604415257,0.4542135208447747,0.2264625076223986,-59.5,116.5
-0.8616291604415257,0.450192026199685,0.23435513526068438,-59.5,117.5
-0.8526401643540922,0.4591806800136913,0.24931476737728697,-58.5,118.5
-0.8526401643540922,0.45475960192094844,0.2572906033863793,-58.5,119.5
-0.8433914458128857,0.4676417745509354,0.2645789859843415,-57.5,119.5
-0.8433914458128857,0.46295301044543447,0.27270016363977456,-57.5,120.5
-0.8433914458128857,0.45812322636822533,0.2807382741836569,-57.5,121.5
-0.8433914458128857,0.45315389351832497,0.2886908691296504,-57.5,122.5
-0.8433914458128857,0.44804652560265873,0.29655552604029556,-57.5,123.5
-0.8433914458128857,0.4428026783749698,0.3043298492649109,-57.5,124.5
-0.8433914458128857,0.43742394916192184,0.31201147066933094,-57.5,125.5
-0.8433914458128857,0.43191197637653833,0.31959805035726196,-57.5,126.5
-0.8433914458128857,0.42626843901912514,0.32708727738303844,-57.5,127.5
-0.8433914458128857,0.42049505616583177,0.3344768704555583,-57.5,128.5
-0.8338858220671682,0.43195038677374775,0.34358885185839894,-56.5,128.5
-0.8338858220671682,0.42588814634769095,0.35107509532276837,-56.5,129.5
-0.8338858220671682,0.41969617626658573,0.3584543979121613,-56.5,130.5
-0.8241261886220157,0.43069868151070745,0.3678514251328762,-55.50000000000001,130.5
-0.8241261886220157,0.42421319143542446,0.37531212802082725,-55.50000000000001,131.5
-0.8241261886220157,0.4175984819125849,0.38265850719885264,-55.50000000000001,132.5
-0.8141155183563192,0.4281391286643291,0.39231723041178135,-54.50000000000001,132.5
-0.8141155183563192,0.4212270412437994,0.39972953668251265,-54.50000000000001,133.5
-0.8141155183563192,0.4141866439859886,0.4070200814641037,-54.50000000000001,134.5
-0.8038568606172173,0.4242576198175362,0.41691680185066976,-53.500000000000014,134.5
-0.8038568606172173,0.41691680185066987,0.4242576198175361,-53.5,135.5
-0.7933533402912352,0.4266865253406284,0.43419936266821135,-52.50000000000001,135.5
-0.7933533402912352,0.4190437151640212,0.4415799386637421,-52.50000000000001,136.5
-0.7933533402912352,0.4112732602124077,0.44882600513227494,-52.50000000000001,137.5
-0.7826081568524139,0.42056479260979673,0.4589659334255061,-51.5,137.5
-0.7826081568524139,0.4124906785438217,0.46623589838463214,-51.5,138.5
-0.77162458338772,0.42147818098943235,0.4763944219463184,-50.5,138.5
-0.77162458338772,0.41309975874473054,0.48367767328746225,-50.5,139.5
-0.77162458338772,0.40459550231172753,0.49081359172383204,-50.5,140.5
-0.7489557207890021,0.6319519718889562,-0.1992536913662733,-48.50000000000001,72.5
-0.7372773368101241,0.644321832762569,-0.20315389351832494,-47.5,72.5
-0.7253743710122876,0.6447625873942204,-0.24106685333168146,-46.5,69.5
-0.7253743710122876,0.6488715836320841,-0.22977747895152706,-46.5,70.5
-0.7253743710122876,0.6527829272998132,-0.21841811212537957,-46.5,71.5
-0.7253743710122876,0.6564954269642367,-0.20699221302641496,-46.5,72.5
-0.8870108331782217,-0.4167675033748968,-0.19878790193352375,-62.50000000000002,-64.49999999999999
-0.8870108331782217,-0.41323470040611543,-0.20603122143195898,-62.50000000000002,-63.5
-0.8870108331782217,-0.40957602214449584,-0.2132117818244769,-62.50000000000002,-62.5
-0.8788171126619654,-0.4306764753089456,-0.2054221412310504,-61.50000000000001,-64.49999999999999
-0.8788171126619654,-0.4270257704957464,-0.21290719533402477,-61.50000000000001,-63.5
-0.8703556959398997,-0.4515819866574731,-0.19635343610811254,-60.5,-66.5
-0.8703556959398997,-0.4480863685613028,-0.20420472289963623,-60.5,-65.5
-0.8703556959398997,-0.4444542590165585,-0.21199380695438913,-60.5,-64.49999999999999
-0.8616291604415257,-0.4689043055036792,-0.19422652279476108,-59.5,-67.49999999999999
-0.8616291604415257,-0.4654431688900475,-0.20238044967442448,-59.5,-66.5
-0.8616291604415257,-0.45809665765134994,-0.21850089731049943,-59.5,-64.49999999999999
-0.8526401643540922,-0.47159951560653873,-0.22494143017662319,-58.5,-64.49999999999999
-0.8949343616020251,-0.39212627379324533,-0.21290719533402477,-63.50000000000001,-61.499999999999986
-0.8870108331782217,-0.426600092933318,-0.1767035442026031,-62.50000000000002,-67.49999999999999
-0.8870108331782217,-0.42345121760054805,-0.18412182960499338,-62.50000000000001,-66.5
-0.8870108331782217,-0.41323470040611543,-0.20603122143195898,-62.50000000000002,-63.5
-0.8870108331782217,-0.40957602214449584,-0.2132117818244769,-62.50000000000002,-62.5
-0.8870108331782217,-0.40579258305887905,-0.22032739584282215,-62.50000000000002,-61.499999999999986
-0.8788171126619654,-0.4439568932620628,-0.17487927097739137,-61.50000000000001,-68.5
-0.8788171126619654,-0.44083721236231216,-0.18260075215921798,-61.50000000000001,-67.49999999999999
-0.8788171126619654,-0.4306764753089456,-0.2054221412310504,-61.50000000000001,-64.49999999999999
-0.8788171126619654,-0.4270257704957464,-0.21290719533402477,-61.50000000000001,-63.5
-0.8703556959398997,-0.4612394540796044,-0.17245036545429918,-60.5,-69.5
-0.8703556959398997,-0.45815953120851816,-0.18047383884586643,-60.5,-68.49999999999999
-0.8703556959398997,-0.4515819866574731,-0.19635343610811254,-60.5,-66.5
-0.8703556959398997,-0.4480863685613028,-0.20420472289963623,-60.5,-65.5
-0.8616291604415257,-0.4753970695619506,-0.1777436809811853,-59.500000000000014,-69.49999999999999
-0.8616291604415257,-0.4689043055036792,-0.19422652279476108,-59.5,-67.49999999999999
-0.8616291604415257,-0.4654431688900475,-0.20238044967442448,-59.5,-66.5
-0.8949343616020251,-0.39212627379324533,-0.21290719533402477,-63.50000000000001,-61.499999999999986
-0.8870108331782217,-0.40957602214449584,-0.2132117818244769,-62.50000000000002,-62.5
-0.8870108331782217,-0.40579258305887905,-0.22032739584282215,-62.50000000000002,-61.499999999999986
-0.8870108331782217,-0.40188553562146145,-0.22737589600203428,-62.50000000000002,-60.5
-0.8788171126619654,-0.4270257704957464,-0.21290719533402477,-61.50000000000001,-63.5
-0.8788171126619654,-0.4232449894961626,-0.22032739584282215,-61.50000000000001,-62.5
-0.8788171126619654,-0.419335283972712,-0.22768048249248646,-61.50000000000001,-61.499999999999986
-0.8703556959398997,-0.4480863685613028,-0.20420472289963623,-60.5,-65.5
-0.8703556959398997,-0.4444542590165585,-0.21199380695438913,-60.5,-64.49999999999999
-0.8703556959398997,-0.4406867643989928,-0.21971831564191346,-60.5,-63.5
-0.8616291604415257,-0.4654431688900475,-0.20238044967442448,-59.5,-66.5
-0.8616291604415257,-0.46184025377832266,-0.21047272950861368,-59.5,-65.49999999999999
-0.8526401643540922,-0.4827257297075892,-0.19995154415133234,-58.5,-67.49999999999999
-0.8526401643540922,-0.47916257262452866,-0.20834581619526216,-58.5,-66.5
-0.8949343616020251,-0.39212627379324533,-0.21290719533402477,-63.50000000000001,-61.499999999999986
-0.8870108331782217,-0.4325070844412708,-0.16170777264123187,-62.50000000000002,-69.49999999999999
-0.8870108331782217,-0.42961902174521266,-0.169231433188883,-62.50000000000002,-68.49999999999999
-0.8870108331782217,-0.426600092933318,-0.1767035442026031,-62.50000000000002,-67.49999999999999
-0.8870108331782217,-0.42345121760054805,-0.18412182960499338,-62.50000000000001,-66.5
-0.8870108331782217,-0.40957602214449584,-0.2132117818244769,-62.50000000000002,-62.5
-0.8870108331782217,-0.40579258305887905,-0.22032739584282215,-62.50000000000002,-61.499999999999986
-0.8870108331782217,-0.40188553562146145,-0.22737589600203428,-62.50000000000002,-60.5
-0.8788171126619654,-0.4525009396430504,-0.15140469647485474,-61.50000000000001,-71.5
-0.8788171126619654,-0.44978964525881254,-0.15927886711813974,-61.50000000000001,-70.49999999999999
-0.8788171126619654,-0.4469413405914187,-0.1671045198755315,-61.50000000000001,-69.5
-0.8788171126619654,-0.4439568932620628,-0.17487927097739137,-61.50000000000001,-68.5
-0.8788171126619654,-0.44083721236231216,-0.18260075215921798,-61.50000000000001,-67.49999999999999
-0.8788171126619654,-0.4270257704957464,-0.21290719533402477,-61.50000000000001,-63.5
-0.8788171126619654,-0.4232449894961626,-0.22032739584282215,-61.50000000000001,-62.5
-0.8788171126619654,-0.419335283972712,-0.22768048249248646,-61.50000000000001,-61.499999999999986
-0.8703556959398997,-0.46963269621846493,-0.14807462033565352,-60.5,-72.50000000000001
-0.8703556959398997,-0.4669769104269695,-0.15624828854440284,-60.500000000000014,-71.5
-0.8703556959398997,-0.4612394540796044,-0.17245036545429918,-60.5,-69.5
-0.8703556959398997,-0.45815953120851816,-0.18047383884586643,-60.5,-68.49999999999999
-0.8703556959398997,-0.4480863685613028,-0.20420472289963623,-60.5,-65.5
-0.8703556959398997,-0.4444542590165585,-0.21199380695438913,-60.5,-64.49999999999999
-0.8703556959398997,-0.4406867643989928,-0.21971831564191346,-60.5,-63.5
-0.8616291604415257,-0.48907942272058597,-0.13563372791503556,-59.5,-74.49999999999999
-0.8616291604415257,-0.48663779860941914,-0.14414868310674905,-59.5,-73.5
-0.8616291604415257,-0.48404793991062967,-0.15261972921318848,-59.5,-72.50000000000001
-0.8616291604415257,-0.4784267192477615,-0.1694197868805623,-59.5,-70.5
-0.8616291604415257,-0.4753970695619506,-0.1777436809811853,-59.500000000000014,-69.49999999999999
-0.8616291604415257,-0.4654431688900475,-0.20238044967442448,-59.5,-66.5
-0.8616291604415257,-0.46184025377832266,-0.21047272950861368,-59.5,-65.49999999999999
-0.8526401643540922,-0.5058557525306939,-0.13082319275201915,-58.5,-75.49999999999999
-0.8526401643540922,-0.5034955287180849,-0.13963166793791024,-58.5,-74.5
-0.8526401643540922,-0.4827257297075892,-0.19995154415133234,-58.5,-67.49999999999999
-0.8526401643540922,-0.47916257262452866,-0.20834581619526216,-58.5,-66.5
-0.8433914458128857,-0.5224539773979039,-0.1254301025701598,-57.5,-76.49999999999999
-0.8433914458128857,-0.520185347997059,-0.13452907811632758,-57.5,-75.49999999999999
-0.9099612708765432,-0.4139197561655956,-0.025316416819137422,-65.50000000000001,-86.49999999999999
-0.9099612708765432,-0.41341488178600294,-0.03253645682325632,-65.50000000000001,-85.49999999999999
-0.9099612708765432,-0.4127840772285784,-0.039746585907439125,-65.50000000000001,-84.49999999999999
-0.9099612708765432,-0.4120275346425009,-0.046944607796520696,-65.50000000000001,-83.49999999999999
-0.9099612708765432,-0.41114548447797095,-0.054128329903304816,-65.50000000000001,-82.5
-0.9025852843498605,-0.4268280146949873,-0.05619297417486484,-64.50000000000001,-82.49999999999999
-0.9025852843498605,-0.4257823040967419,-0.06363359170399688,-64.50000000000001,-81.5
-0.9025852843498605,-0.42460689608402274,-0.07105482582466353,-64.50000000000001,-80.5
-0.9025852843498605,-0.42330214869749705,-0.07845441595706044,-64.5,-79.49999999999999
-0.9025852843498605,-0.4218684593758581,-0.08583010811435184,-64.50000000000001,-78.49999999999999
-0.8949343616020251,-0.4372402602140894,-0.08895753634117315,-63.50000000000001,-78.49999999999999
-0.8949343616020251,-0.4356211433247525,-0.09657488240951279,-63.50000000000001,-77.49999999999999
-0.8949343616020251,-0.43386933201520206,-0.1041628108331286,-63.50000000000001,-76.49999999999999
-0.8949343616020251,-0.4319853599041332,-0.11171901025551684,-63.50000000000001,-75.49999999999999
-0.8870108331782217,-0.4470408303513615,-0.11561261965392051,-62.50000000000002,-75.49999999999999
-0.8870108331782217,-0.4449550254401288,-0.1233969495573176,-62.50000000000002,-74.49999999999999
-0.8788171126619654,-0.4619601278310831,-0.11947101232841303,-61.50000000000001,-75.49999999999999
-0.8788171126619654,-0.4598047124014311,-0.12751513222329208,-61.50000000000001,-74.49999999999999
-0.8703556959398997,-0.476738707780759,-0.12329301297520862,-60.5,-75.49999999999999
-0.8703556959398997,-0.4745143383931076,-0.1315944725447245,-60.5,-74.5
-0.8616291604415257,-0.4913720685017734,-0.12707745737588572,-59.5,-75.49999999999999
-0.8616291604415257,-0.48907942272058597,-0.13563372791503556,-59.5,-74.49999999999999
-0.8526401643540922,-0.5058557525306939,-0.13082319275201915,-58.5,-75.49999999999999
-0.8526401643540922,-0.5034955287180849,-0.13963166793791024,-58.5,-74.5
-0.8433914458128857,-0.520185347997059,-0.13452907811632758,-57.5,-75.49999999999999
-0.8338858220671682,0.48957408520352463,-0.2548561375609681,-56.5,62.5
-0.8338858220671682,0.49394737359479307,-0.24627307582066096,-56.5,63.5
-0.8241261886220157,0.5024084681320372,-0.26153729442771556,-55.50000000000001,62.5
-0.8241261886220157,0.5068964040497307,-0.25272922424761657,-55.50000000000001,63.5
-0.8241261886220157,0.5112299344123347,-0.2438441702975689,-55.50000000000001,64.5
-0.8141155183563192,0.5150898125742167,-0.26813878450101175,-54.50000000000001,62.5
-0.8141155183563192,0.5284171995804917,-0.24081359172383204,-54.50000000000001,65.5
-0.8038568606172173,0.527614255669699,-0.2746585969030301,-53.5,62.5
-0.8038568606172173,0.5412656989785777,-0.2466689902437344,-53.5,65.5
-0.8038568606172173,0.5454882290641518,-0.23718503239261768,-53.5,66.5
-0.7933533402912352,0.5582708013695318,-0.24274305301482976,-52.50000000000001,66.5
-0.7933533402912352,0.5624222244434797,-0.23296291314453418,-52.50000000000001,67.5
-0.7826081568524139,0.5751285314781974,-0.23822603784599095,-51.5,67.5
-0.7826081568524139,0.5791985542535877,-0.22815237798151775,-51.5,68.5
-0.77162458338772,0.5918183507571716,-0.2331234480244083,-50.5,68.5
-0.77162458338772,0.5957967791207976,-0.2227592877996584,-50.5,69.5
-0.77162458338772,0.5995937220138905,-0.21232727293792708,-50.5,70.5
-0.77162458338772,0.6032080228508632,-0.20183058113199837,-50.5,71.5
-0.77162458338772,0.606638580680668,-0.19127240977588011,-50.500000000000014,72.5
-0.7604059656000309,0.5707460586574805,-0.30988982559425265,-49.5,61.5
-0.7604059656000309,0.6158869470590121,-0.20607288982836658,-49.5,71.5
-0.7604059656000309,0.6193896123228498,-0.19529279460961765,-49.5,72.5
-0.7489557207890021,0.5767151332085381,-0.3262897231383245,-48.50000000000001,60.5
-0.7489557207890021,0.5823218375648868,-0.31617496072978324,-48.49999999999999,61.5
-0.7489557207890021,0.6283782661368562,-0.21025242672622013,-48.50000000000001,71.5
-0.7489557207890021,0.6319519718889562,-0.1992536913662733,-48.50000000000001,72.5
-0.7372773368101241,0.5500084720694766,-0.39231723041178135,-47.5,54.5
-0.7372773368101241,0.5567715828726504,-0.38265850719885264,-47.5,55.5
-0.7372773368101241,0.5633650956581137,-0.372883222497735,-47.5,56.5
-0.7372773368101241,0.5697870019779994,-0.3629943539548437,-47.5,57.5
-0.7372773368101241,0.5760353456574318,-0.35299491381533243,-47.5,58.5
-0.7372773368101241,0.5821082233903974,-0.34288794800553446,-47.5,59.5
-0.7372773368101241,0.5880037853195093,-0.3326765352051439,-47.5,60.5
-0.7372773368101241,0.640678175107598,-0.2143679186981319,-47.5,71.5
-0.7372773368101241,0.644321832762569,-0.20315389351832494,-47.5,72.5
-0.7253743710122876,0.5387119057446143,-0.42851079856584007,-46.5,51.5
-0.7253743710122876,0.5461084019313956,-0.4190437151640213,-46.5,52.5
-0.7253743710122876,0.5533385482086778,-0.4094489869871959,-46.5,53.5
-0.7253743710122876,0.5604001422038647,-0.39972953668251276,-46.5,54.5
-0.7253743710122876,0.5991133257813517,-0.3389620107766299,-46.5,60.5
-0.7253743710122876,0.6564954269642367,-0.20699221302641496,-46.5,72.5
-0.7009092642998509,0.5658596263006938,-0.4341993626682114,-44.5,52.5
-0.8949343616020251,-0.39212627379324533,-0.21290719533402477,-63.50000000000001,-61.499999999999986
-0.8870108331782217,-0.4325070844412708,-0.16170777264123187,-62.50000000000002,-69.49999999999999
-0.8870108331782217,-0.42961902174521266,-0.169231433188883,-62.50000000000002,-68.49999999999999
-0.8870108331782217,-0.426600092933318,-0.1767035442026031,-62.50000000000002,-67.49999999999999
-0.8870108331782217,-0.42345121760054805,-0.18412182960499338,-62.50000000000001,-66.5
-0.8870108331782217,-0.40579258305887905,-0.22032739584282215,-62.50000000000002,-61.499999999999986
-0.8870108331782217,-0.40188553562146145,-0.22737589600203428,-62.50000000000002,-60.5
-0.8870108331782217,-0.397856069956741,-0.23435513526068444,-62.50000000000001,-59.499999999999986
-0.8788171126619654,-0.4525009396430504,-0.15140469647485474,-61.50000000000001,-71.5
-0.8788171126619654,-0.44978964525881254,-0.15927886711813974,-61.50000000000001,-70.49999999999999
-0.8788171126619654,-0.4469413405914187,-0.1671045198755315,-61.50000000000001,-69.5
-0.8788171126619654,-0.4439568932620628,-0.17487927097739137,-61.50000000000001,-68.5
-0.8788171126619654,-0.44083721236231216,-0.18260075215921798,-61.50000000000001,-67.49999999999999
-0.8788171126619654,-0.4152978448595712,-0.23496421546159313,-61.50000000000001,-60.5
-0.8788171126619654,-0.41113390199980565,-0.24217637605452078,-61.50000000000001,-59.499999999999986
-0.8703556959398997,-0.46963269621846493,-0.14807462033565352,-60.5,-72.50000000000001
-0.8703556959398997,-0.4669769104269695,-0.15624828854440284,-60.500000000000014,-71.5
-0.8703556959398997,-0.4612394540796044,-0.17245036545429918,-60.5,-69.5
-0.8703556959398997,-0.45815953120851816,-0.18047383884586643,-60.5,-68.49999999999999
-0.8703556959398997,-0.43275025129685474,-0.23496421546159313,-60.5,-61.499999999999986
-0.8703556959398997,-0.42858365035105617,-0.2424809625449729,-60.5,-60.5
-0.8616291604415257,-0.48907942272058597,-0.13563372791503556,-59.5,-74.49999999999999
-0.8616291604415257,-0.48663779860941914,-0.14414868310674905,-59.5,-73.5
-0.8616291604415257,-0.48404793991062967,-0.15261972921318848,-59.5,-72.50000000000001
-0.8616291604415257,-0.45019202619968496,-0.23435513526068444,-59.5,-62.5
-0.8616291604415257,-0.4460333987023067,-0.24217637605452078,-59.5,-61.499999999999986
-0.8526401643540922,-0.5058557525306939,-0.13082319275201915,-58.5,-75.49999999999999
-0.8526401643540922,-0.5034955287180849,-0.13963166793791024,-58.5,-74.5
-0.8526401643540922,-0.4634618872231188,-0.241262987674885,-58.500000000000014,-62.5
-0.8433914458128857,-0.5224539773979039,-0.1254301025701598,-57.5,-76.49999999999999
-0.8433914458128857,-0.520185347997059,-0.13452907811632758,-57.5,-75.49999999999999
-0.8338858220671682,-0.5099232839657932,-0.2112171399884586,-56.5,-67.49999999999999
-0.8338858220671682,-0.5061593728061772,-0.2200843589985905,-56.5,-66.5
-0.7933533402912352,-0.553949323601396,-0.2524492509996723,-52.50000000000001,-65.5
-0.7933533402912352,-0.5399779823517902,-0.28109474563575426,-52.50000000000001,-62.5
-0.7826081568524139,-0.5571097389272046,-0.27776466949655304,-51.5,-63.5
-0.7826081568524139,-0.5521772265095728,-0.2874452701859318,-51.500000000000014,-62.5
-0.8870108331782217,-0.426600092933318,-0.1767035442026031,-62.50000000000002,-67.49999999999999
-0.8870108331782217,-0.42345121760054805,-0.18412182960499338,-62.50000000000001,-66.5
-0.8788171126619654,-0.4439568932620628,-0.17487927097739137,-61.50000000000001,-68.5
-0.8788171126619654,-0.44083721236231216,-0.18260075215921798,-61.50000000000001,-67.49999999999999
-0.8703556959398997,-0.4612394540796044,-0.17245036545429918,-60.5,-69.5
-0.8703556959398997,-0.45815953120851816,-0.18047383884586643,-60.5,-68.49999999999999
-0.8616291604415257,-0.4784267192477615,-0.1694197868805623,-59.5,-70.5
-0.8616291604415257,-0.4753970695619506,-0.1777436809811853,-59.500000000000014,-69.49999999999999
-0.8616291604415257,-0.4654431688900475,-0.20238044967442448,-59.5,-66.5
-0.8616291604415257,-0.46184025377832266,-0.21047272950861368,-59.5,-65.49999999999999
-0.8526401643540922,-0.47916257262452866,-0.20834581619526216,-58.5,-66.5
-0.8526401643540922,-0.47545345798009464,-0.21667662408528768,-58.5,-65.49999999999999
-0.8433914458128857,-0.4964001109779611,-0.20561565833058104,-57.5,-67.49999999999999
-0.8433914458128857,-0.4889218344527448,-0.2228145168632717,-57.5,-65.49999999999999
-0.8338858220671682,-0.5099232839657932,-0.2112171399884586,-56.5,-67.49999999999999
-0.8338858220671682,-0.5061593728061772,-0.2200843589985905,-56.5,-66.5
-0.8338858220671682,-0.5022412805983284,-0.22888453818096643,-56.5,-65.49999999999999
-0.8241261886220157,-0.5154077391845213,-0.234884839051077,-55.50000000000001,-65.49999999999999
-0.8949343616020251,-0.39212627379324533,-0.21290719533402477,-63.50000000000001,-61.499999999999986
-0.8870108331782217,-0.426600092933318,-0.1767035442026031,-62.50000000000002,-67.49999999999999
-0.8870108331782217,-0.42345121760054805,-0.18412182960499338,-62.50000000000001,-66.5
-0.8870108331782217,-0.4201733549248328,-0.1914840297144578,-62.50000000000002,-65.5
-0.8870108331782217,-0.4167675033748968,-0.19878790193352375,-62.50000000000002,-64.49999999999999
-0.8870108331782217,-0.40957602214449584,-0.2132117818244769,-62.50000000000002,-62.5
-0.8870108331782217,-0.40579258305887905,-0.22032739584282215,-62.50000000000002,-61.499999999999986
-0.8788171126619654,-0.4439568932620628,-0.17487927097739137,-61.50000000000001,-68.5
-0.8788171126619654,-0.44083721236231216,-0.18260075215921798,-61.50000000000001,-67.49999999999999
-0.8788171126619654,-0.4375832481771901,-0.19026661138304365,-61.50000000000001,-66.5
-0.8788171126619654,-0.4232449894961626,-0.22032739584282215,-61.50000000000001,-62.5
-0.8703556959398997,-0.4612394540796044,-0.17245036545429918,-60.5,-69.5
-0.8703556959398997,-0.45815953120851816,-0.18047383884586643,-60.5,-68.49999999999999
-0.8703556959398997,-0.4406867643989928,-0.21971831564191346,-60.5,-63.5
-0.8616291604415257,-0.4784267192477615,-0.1694197868805623,-59.5,-70.5
-0.8616291604415257,-0.4753970695619506,-0.1777436809811853,-59.500000000000014,-69.49999999999999
-0.8616291604415257,-0.45421352084477473,-0.22646250762239856,-59.5,-63.5
-0.8526401643540922,-0.46760191945204216,-0.23313771692927027,-58.5,-63.5
-0.8949343616020251,-0.39212627379324533,-0.21290719533402477,-63.50000000000001,-61.499999999999986
-0.8870108331782217,-0.40957602214449584,-0.2132117818244769,-62.50000000000002,-62.5
-0.8870108331782217,-0.40579258305887905,-0.22032739584282215,-62.50000000000002,-61.499999999999986
-0.8788171126619654,-0.4232449894961626,-0.22032739584282215,-61.50000000000001,-62.5
-0.8703556959398997,-0.4406867643989928,-0.21971831564191346,-60.5,-63.5
-0.8703556959398997,-0.4367850323239625,-0.22737589600203428,-60.5,-62.5
-0.8616291604415257,-0.45421352084477473,-0.22646250762239856,-59.5,-63.5
-0.8526401643540922,-0.47159951560653873,-0.22494143017662319,-58.5,-64.49999999999999
-0.8526401643540922,-0.46760191945204216,-0.23313771692927027,-58.5,-63.5
-0.8433914458128857,-0.48495871978078675,-0.23131344370405862,-57.5,-64.49999999999999
-0.8338858220671682,-0.4981702008310888,-0.2376149969157581,-56.5,-64.49999999999999
-0.8241261886220157,-0.5112299344123347,-0.2438441702975689,-55.50000000000001,-64.49999999999999
-0.8141155183563192,-0.5284171995804917,-0.24081359172383204,-54.50000000000001,-65.49999999999999
-0.8141155183563192,-0.524133942403163,-0.2499990663829356,-54.50000000000001,-64.49999999999999
-0.8038568606172173,-0.5454882290641518,-0.23718503239261768,-53.5,-66.49999999999999
-0.8038568606172173,-0.5412656989785777,-0.2466689902437344,-53.5,-65.5
-0.8870108331782217,-0.397856069956741,-0.23435513526068444,-62.50000000000001,-59.499999999999986
-0.8788171126619654,-0.4152978448595712,-0.23496421546159313,-61.50000000000001,-60.5
-0.8788171126619654,-0.41113390199980565,-0.24217637605452078,-61.50000000000001,-59.499999999999986
-0.8703556959398997,-0.43275025129685474,-0.23496421546159313,-60.5,-61.499999999999986
-0.8703556959398997,-0.42858365035105617,-0.2424809625449729,-60.5,-60.5
-0.8616291604415257,-0.45019202619968496,-0.23435513526068444,-59.5,-62.5
-0.8616291604415257,-0.4460333987023067,-0.24217637605452078,-59.5,-61.499999999999986
-0.8526401643540922,-0.46760191945204216,-0.23313771692927027,-58.5,-63.5
-0.8526401643540922,-0.4634618872231188,-0.241262987674885,-58.500000000000014,-62.5
-0.8433914458128857,-0.48495871978078675,-0.23131344370405862,-57.5,-64.49999999999999
-0.8433914458128857,-0.48084788198488293,-0.23974191022910954,-57.5,-63.5
-0.8338858220671682,-0.5022412805983284,-0.22888453818096643,-56.5,-65.49999999999999
-0.8338858220671682,-0.4981702008310888,-0.2376149969157581,-56.5,-64.49999999999999
-0.8241261886220157,-0.5154077391845213,-0.234884839051077,-55.50000000000001,-65.49999999999999
-0.8870108331782217,-0.4167675033748968,-0.19878790193352375,-62.50000000000002,-64.49999999999999
-0.8870108331782217,-0.41323470040611543,-0.20603122143195898,-62.50000000000002,-63.5
-0.8870108331782217,-0.397856069956741,-0.23435513526068444,-62.50000000000001,-59.499999999999986
-0.8788171126619654,-0.4306764753089456,-0.2054221412310504,-61.50000000000001,-64.49999999999999
-0.8788171126619654,-0.4152978448595712,-0.23496421546159313,-61.50000000000001,-60.5
-0.8788171126619654,-0.41113390199980565,-0.24217637605452078,-61.50000000000001,-59.499999999999986
-0.8788171126619654,-0.4024316166976353,-0.25637721500674365,-61.50000000000001,-57.499999999999986
-0.8788171126619654,-0.39789592505563437,-0.26336156765292734,-61.50000000000001,-56.5
-0.8788171126619654,-0.3932390304603572,-0.27026569781436327,-61.50000000000001,-55.499999999999986
-0.8788171126619654,0.012490560201964736,0.4769952498697734,-61.50000000000001,178.5
-0.8703556959398997,-0.4480863685613028,-0.20420472289963623,-60.5,-65.5
-0.8703556959398997,-0.4444542590165585,-0.21199380695438913,-60.5,-64.49999999999999
-0.8703556959398997,-0.43275025129685474,-0.23496421546159313,-60.5,-61.499999999999986
-0.8703556959398997,-0.42858365035105617,-0.2424809625449729,-60.5,-60.5
-0.8703556959398997,-0.41986010521844735,-0.2572906033863794,-60.5,-58.5
-0.8703556959398997,-0.41530581830799157,-0.26457898598434154,-60.5,-57.499999999999986
-0.8703556959398997,0.012890146078407461,0.49225481884797245,-60.5,178.5
-0.8616291604415257,-0.46184025377832266,-0.21047272950861368,-59.5,-65.49999999999999
-0.8616291604415257,-0.45019202619968496,-0.23435513526068444,-59.5,-62.5
-0.8616291604415257,-0.4460333987023067,-0.24217637605452078,-59.5,-61.499999999999986
-0.8616291604415257,-0.4417389051108611,-0.24992384757819563,-59.5,-60.5
-0.8616291604415257,-0.4373098535696979,-0.2575951898768315,-59.5,-59.499999999999986
-0.8616291604415257,0.013285805491485054,0.5073644422397711,-59.5,178.5
-0.8526401643540922,-0.47916257262452866,-0.20834581619526216,-58.5,-66.5
-0.8526401643540922,-0.47545345798009464,-0.21667662408528768,-58.5,-65.49999999999999
-0.8526401643540922,-0.46760191945204216,-0.23313771692927027,-58.5,-63.5
-0.8526401643540922,-0.4634618872231188,-0.241262987674885,-58.500000000000014,-62.5
-0.8526401643540922,-0.4591806800136913,-0.24931476737728694,-58.5,-61.499999999999986
-0.8526401643540922,-0.45475960192094844,-0.2572906033863794,-58.5,-60.5
-0.8526401643540922,0.013677417919507452,0.5223195175075136,-58.5,178.5
-0.8433914458128857,-0.304329849264911,0.4428026783749697,-57.5,-145.5
-0.8433914458128857,-0.312011470669331,0.4374239491619218,-57.5,-144.5
-0.8433914458128857,-0.49273601879763634,-0.2142477185621955,-57.5,-66.5
-0.8433914458128857,-0.48495871978078675,-0.23131344370405862,-57.5,-64.49999999999999
-0.8433914458128857,-0.48084788198488293,-0.23974191022910954,-57.5,-63.5
-0.8433914458128857,-0.4765905732660485,-0.24809734904587274,-57.5,-62.5
-0.8433914458128857,-0.4721880904417606,-0.25637721500674365,-57.5,-61.499999999999986
-0.8433914458128857,0.014064864073535445,0.5371154891904005,-57.5,178.5
-0.8338858220671682,-0.3126205508702396,0.45486572406475195,-56.5,-145.5
-0.8338858220671682,-0.5099232839657932,-0.2112171399884586,-56.5,-67.49999999999999
-0.8338858220671682,-0.5061593728061772,-0.2200843589985905,-56.5,-66.5
-0.8338858220671682,-0.5022412805983284,-0.22888453818096643,-56.5,-65.49999999999999
-0.8338858220671682,-0.4981702008310888,-0.2376149969157581,-56.5,-64.49999999999999
-0.8338858220671682,-0.49394737359479307,-0.24627307582066096,-56.5,-63.5
-0.8338858220671682,0.04330447676633699,0.5502355477859976,-56.5,175.5
-0.8338858220671682,0.03369494686857283,0.5509075115760241,-56.5,176.5
-0.8338858220671682,0.02407515316358247,0.5514116636012637,-56.5,177.5
-0.8338858220671682,0.014448025933717239,0.5517478502921255,-56.5,178.5
-0.8241261886220157,-0.32081602522734987,0.46679021324860087,-55.50000000000001,-145.5
-0.8241261886220157,-0.5154077391845213,-0.234884839051077,-55.50000000000001,-65.49999999999999
-0.8241261886220157,-0.5112299344123347,-0.2438441702975689,-55.50000000000001,-64.49999999999999
-0.8241261886220157,0.0739308493554868,0.5615605530492025,-55.50000000000001,172.5
-0.8241261886220157,0.06411900631807757,0.562765295888199,-55.50000000000001,173.5
-0.8241261886220157,0.054287632010208836,0.5637986149664382,-55.50000000000001,174.5
-0.8241261886220157,0.04443972116373395,0.5646601955249188,-55.50000000000001,175.5
-0.8141155183563192,-0.32891377591536125,0.478572513611596,-54.50000000000001,-145.5
-0.8038568606172173,-0.32830469571445264,0.49601428851442614,-53.5,-146.5
-0.8038568606172173,-0.3369113362809696,0.490209036150909,-53.5,-145.5
-0.7933533402912352,-0.33599794790133386,0.5076375246717211,-52.50000000000001,-146.5
-0.7253743710122876,0.669335283972712,-0.16069318438470584,-46.5,76.5
